{"content":[{"id":"1e4289b2","settings":{"_title":"Custom css","ekit_has_onepagescroll":""},"elements":[{"id":"570f645a","settings":{"content_width":"full","html":"<style>\n\/* Hide horizontal overflow for the entire page *\/\nhtml, body {\n    overflow-x: hidden;\n}\n\n\/* Text with a subtle shadow effect *\/\n.font-shadow {\n    font-family: var(--e-global-typography-primary-font-family);\n    text-shadow: -2px -2px 0px rgba(59, 167, 235, 0.1); \/* Adjust shadow position *\/\n}\n\n\/* Text with a gradient background, used for tabs and specific elements *\/\n.text-bg, .tabs .e-n-tab-title[aria-selected=true] {\n    background: linear-gradient(to right, #BB6FFB 0%, #FC5F67 52%, #FFB054 100%) !important;\n    -webkit-background-clip: text !important;\n    -webkit-text-fill-color: transparent !important;\n}\n\n\/* Alternative gradient background for hover effects and active states *\/\n.text-bg-2, .menu-item .active, .menu-item a:hover, .blog a:hover, .footer-menu-item a:hover {\n    background-image: -webkit-linear-gradient(45deg, #FF3BCE 0%, #3BA7EB 100%);\n    background-clip: text; \n    -webkit-background-clip: text; \n    text-fill-color: transparent; \n    -webkit-text-fill-color: transparent;\n}\n\n\/* Gradient background for buttons with transition effect on hover *\/\n.btn-Gbg .elementor-button, .form .metform-btn{\n    background: linear-gradient(to right, #BB6FFB 0%, #FC5F67 52%, #FFB054 100%);\n    transition: background 0.3s;\n}\n\n\/* Adjust the position of the button icon *\/\n.btn-Gbg .elementor-button-icon {\n    margin-bottom: -6px;\n}\n\n\/* Rounded button with gradient border *\/\n.btn-black {\n    border-radius: 100px;\n    background: linear-gradient(to right, #BB6FFB 0%, #FC5F67 52%, #FFB054 100%);\n    padding: 2px;\n}\n\n\/* Hover effect for gradient buttons *\/\n.btn-Gbg .elementor-button:hover, .form .metform-btn:hover {\n    background: linear-gradient(to right, #BB6FFB 30%, #FC5F67 80%, #FFB054 100%);\n}\n\n\/* Marquee animation for scrolling content *\/\n.marquee-content .elementor-widget-container {\n    display: flex;\n    width: 5000px; \/* Large width for continuous scrolling *\/\n    transform: translateX(0);\n    animation: marquee 30s linear infinite;\n    white-space: nowrap;\n    will-change: transform;\n}\n\n\/* Stroke effect on text within icon lists *\/\n.marquee-content .elementor-icon-list-text {\n    -webkit-text-stroke: 1px #02050a;\n}\n\n\/* Keyframes for marquee animation *\/\n@keyframes marquee {\n    100% { transform: translateX(-2000px); } \/* Move content left *\/\n}\n\n\/* Reverse marquee animation for right-to-left scrolling *\/\n.marquee-right .elementor-widget-container {\n    animation: marquee-right 30s linear infinite;\n    transform: translateX(0);\n}\n\n@keyframes marquee-right {\n    100% { transform: translateX(2000px); } \/* Move content right *\/\n}\n\n\/* Social media icon style with gradient background and rounded shape *\/\n.social .elementor-grid-item {\n    padding: 1px;\n    border-radius: 100%;\n    background: linear-gradient(to right, #BB6FFB 0%, #FC5F67 52%, #FFB054 100%);\n}\n\n\/* Large, centered button with responsive size *\/\n.btn-h .elementor-button {\n    height: 156px;\n    width: 156px;\n    display: flex;\n    align-items: center;\n    justify-content: center;\n    text-align: center;\n}\n\n.btn-h .elementor-button-content-wrapper {\n    display: inline-block;\n}\n\n\/* Adjust button size on smaller screens *\/\n@media (max-width: 1024px) {\n    .btn-h .elementor-button {\n        height: 120px;\n        width: 120px;\n    } \n}\n\n\/* Gradient border for selected tabs and focused form inputs *\/\n.tabs .e-n-tabs-heading > .e-n-tab-title[aria-selected=\"true\"],  .form .mf-input:focus {\n    border-color: white !important;\n    border-image-slice: 1;\n    border-image-source: linear-gradient(to left, #BB6FFB 0%, #FC5F67 52%, #FFB054 100%);\n}\n\n\/* Gradient border for price boxes and buttons *\/\n.price-box .divider .elementor-divider-separator, .btn-border-gradient .elementor-button {\n    border-color: white !important;\n    border-image-slice: 1;\n    border-image-source: linear-gradient(to right, #FF3BCE 0%, #3BA7EB 100%) !important;\n}\n\n\/* Button with a gradient border *\/\n.btn-border-gradient {\n    border-radius: 100px;\n    background: linear-gradient(to left, #FF3BCE 0%, #3BA7EB 100%);\n}\n\n\/* Text with a gradient effect for buttons and form inputs *\/\n.btn-text-gradient .elementor-button-text, .form .mf-input:focus {\n    background-image: linear-gradient(to right, #BB6FFB 0%, #FC5F67 52%, #FFB054 100%) !important; \n    background-clip: text; \n    -webkit-background-clip: text; \n    text-fill-color: transparent; \n    -webkit-text-fill-color: transparent;\n}\n\n\/* Hover effect: change text to white *\/\n.btn-text-gradient:hover .elementor-button-text {\n    background-image: none;\n    background-color: transparent;\n    -webkit-text-fill-color: white;\n}\n\n\/* Hover effect for price boxes and form inputs *\/\n.price-box:hover, .form .mf-input:focus {\n    border-image-slice: 1;\n    border-image-source:  linear-gradient(to right, #BB6FFB 0%, #FC5F67 52%, #FFB054 100%) !important;\n}\n\n\/* Blog images with fixed height and centered content *\/\n.blog img {\n    height: 203px !important;\n    object-fit: cover;\n    object-position: center;\n}\n\n\/* Blog entry titles with ellipsis overflow and line clamp *\/\n.blog .entry-title {\n    color: white;\n    overflow: hidden;\n    text-overflow: ellipsis;\n    display: -webkit-box;\n    -webkit-line-clamp: 2; \/* Limit to 2 lines *\/\n    -webkit-box-orient: vertical;\n}\n\n\/* Blog button with gradient text *\/\n.blog .elementskit-btn {\n    background-image: linear-gradient(to left, #FF3BCE 0%, #3BA7EB 100%);\n    background-clip: text; \n    -webkit-background-clip: text; \n    text-fill-color: transparent; \n    -webkit-text-fill-color: transparent;\n}\n\n    \n<\/Style>","_element_width":"initial","_element_custom_width":{"unit":"px","size":10000,"sizes":[]},"_background_color_stop_laptop":{"unit":"%","size":"","sizes":[]},"_background_color_stop_tablet":{"unit":"%","size":"","sizes":[]},"_background_color_stop_mobile":{"unit":"%","size":"","sizes":[]},"_background_color_b_stop_laptop":{"unit":"%","size":"","sizes":[]},"_background_color_b_stop_tablet":{"unit":"%","size":"","sizes":[]},"_background_color_b_stop_mobile":{"unit":"%","size":"","sizes":[]},"_background_gradient_angle_laptop":{"unit":"deg","size":"","sizes":[]},"_background_gradient_angle_tablet":{"unit":"deg","size":"","sizes":[]},"_background_gradient_angle_mobile":{"unit":"deg","size":"","sizes":[]},"_background_gradient_position_laptop":"center center","_background_gradient_position_tablet":"center center","_background_gradient_position_mobile":"center center","_background_hover_color_stop_laptop":{"unit":"%","size":"","sizes":[]},"_background_hover_color_stop_tablet":{"unit":"%","size":"","sizes":[]},"_background_hover_color_stop_mobile":{"unit":"%","size":"","sizes":[]},"_background_hover_color_b_stop_laptop":{"unit":"%","size":"","sizes":[]},"_background_hover_color_b_stop_tablet":{"unit":"%","size":"","sizes":[]},"_background_hover_color_b_stop_mobile":{"unit":"%","size":"","sizes":[]},"_background_hover_gradient_angle_laptop":{"unit":"deg","size":"","sizes":[]},"_background_hover_gradient_angle_tablet":{"unit":"deg","size":"","sizes":[]},"_background_hover_gradient_angle_mobile":{"unit":"deg","size":"","sizes":[]},"_background_hover_gradient_position_laptop":"center center","_background_hover_gradient_position_tablet":"center center","_background_hover_gradient_position_mobile":"center center"},"elements":[],"isInner":false,"widgetType":"html","elType":"widget"}],"isInner":false,"elType":"container"},{"id":"260babbc","settings":{"flex_direction":"row","flex_gap":{"unit":"px","size":0,"column":"0","row":"0","isLinked":true},"margin":{"unit":"px","top":"0","right":"0","bottom":"-105","left":"0","isLinked":false},"padding":{"unit":"px","top":"50","right":"30","bottom":"20","left":"30","isLinked":false},"z_index":2,"_title":"Header","padding_mobile":{"unit":"px","top":"20","right":"20","bottom":"20","left":"20","isLinked":false},"ekit_has_onepagescroll":"","_element_id":"top","background_color":"#FF0000"},"elements":[{"id":"1997e6cc","settings":{"flex_direction":"column","content_width":"full","width":{"unit":"px","size":200},"width_mobile":{"unit":"%","size":75,"sizes":[]},"ekit_has_onepagescroll":""},"elements":[{"id":"c7c01e4","settings":{"content_width":"full","image":{"id":79,"url":"http:\/\/localhost\/wordpress\/wp-content\/uploads\/2025\/01\/Foliofy.png"},"link_to":"custom","link":{"url":"https:\/\/kitpapa.net\/foliofy\/","is_external":"","nofollow":"","custom_attributes":""},"align":"left","width_mobile":{"unit":"px","size":100,"sizes":[]},"_background_color_stop_laptop":{"unit":"%","size":"","sizes":[]},"_background_color_stop_tablet":{"unit":"%","size":"","sizes":[]},"_background_color_stop_mobile":{"unit":"%","size":"","sizes":[]},"_background_color_b_stop_laptop":{"unit":"%","size":"","sizes":[]},"_background_color_b_stop_tablet":{"unit":"%","size":"","sizes":[]},"_background_color_b_stop_mobile":{"unit":"%","size":"","sizes":[]},"_background_gradient_angle_laptop":{"unit":"deg","size":"","sizes":[]},"_background_gradient_angle_tablet":{"unit":"deg","size":"","sizes":[]},"_background_gradient_angle_mobile":{"unit":"deg","size":"","sizes":[]},"_background_gradient_position_laptop":"center center","_background_gradient_position_tablet":"center center","_background_gradient_position_mobile":"center center","_background_hover_color_stop_laptop":{"unit":"%","size":"","sizes":[]},"_background_hover_color_stop_tablet":{"unit":"%","size":"","sizes":[]},"_background_hover_color_stop_mobile":{"unit":"%","size":"","sizes":[]},"_background_hover_color_b_stop_laptop":{"unit":"%","size":"","sizes":[]},"_background_hover_color_b_stop_tablet":{"unit":"%","size":"","sizes":[]},"_background_hover_color_b_stop_mobile":{"unit":"%","size":"","sizes":[]},"_background_hover_gradient_angle_laptop":{"unit":"deg","size":"","sizes":[]},"_background_hover_gradient_angle_tablet":{"unit":"deg","size":"","sizes":[]},"_background_hover_gradient_angle_mobile":{"unit":"deg","size":"","sizes":[]},"_background_hover_gradient_position_laptop":"center center","_background_hover_gradient_position_tablet":"center center","_background_hover_gradient_position_mobile":"center center"},"elements":[],"isInner":false,"widgetType":"image","elType":"widget"}],"isInner":true,"elType":"container"},{"id":"864eeb5","settings":{"flex_direction":"column","content_width":"full","width":{"unit":"%","size":50},"flex_justify_content":"center","flex_align_items":"center","width_tablet":{"unit":"px","size":200,"sizes":[]},"width_mobile":{"unit":"%","size":25,"sizes":[]},"flex_align_items_tablet":"flex-end","_flex_order_tablet":"end","_flex_size":"grow","_flex_size_tablet":"grow","ekit_has_onepagescroll":""},"elements":[{"id":"71fb1a08","settings":{"content_width":"full","elementskit_nav_menu":"menu","elementskit_menubar_height":{"unit":"px","size":40,"sizes":[]},"elementskit_mobile_menu_panel_spacing":{"unit":"px","top":"0","right":"0","bottom":"0","left":"0","isLinked":false},"elementskit_content_typography_typography":"custom","elementskit_content_typography_font_family":"Manrope","elementskit_content_typography_font_size":{"unit":"px","size":17,"sizes":[]},"elementskit_content_typography_font_weight":"400","elementskit_menu_text_color":"#B8B8B8","elementskit_item_color_hover":"#FFFFFF","elementskit_nav_menu_active_text_color":"#FFFFFF","elementskit_menu_item_margin":{"unit":"px","top":"0","right":"0","bottom":"0","left":"0","isLinked":false},"elementskit_submenu_item_spacing":{"unit":"px","top":"0","right":"0","bottom":"0","left":"0","isLinked":false},"elementskit_submenu_container_width":"220px","__globals__":{"elementskit_menu_text_color":"","elementskit_item_color_hover":"globals\/colors?id=primary","elementskit_nav_menu_active_text_color":"globals\/colors?id=primary","elementskit_content_typography_typography":"","elementskit_menu_toggle_icon_color":"globals\/colors?id=primary","elementskit_menu_toggle_background_color":"","elementskit_menu_close_background_hover_color":"globals\/colors?id=secondary","elementskit_menu_close_border_color":"","elementskit_menu_close_icon_color":"globals\/colors?id=primary","elementskit_menu_close_border_hover_color":"globals\/colors?id=secondary","elementskit_menu_close_icon_color_hover":"globals\/colors?id=primary","elementskit_menu_toggle_icon_color_hover":"globals\/colors?id=secondary","wrapper_color_mobile_mobile":""},"elementskit_main_menu_position_tablet":"elementskit-menu-po-right","elementskit_menubar_background_color":"#1E1E1E","elementskit_mobile_menu_panel_spacing_tablet":{"unit":"px","top":"10","right":"0","bottom":"10","left":"0","isLinked":false},"elementskit_menu_text_color_tablet":"#FFFFFF","elementskit_submenu_container_background_background":"classic","elementskit_menu_toggle_icon_position_tablet":"right","elementskit_menu_toggle_width_tablet":{"unit":"px","size":48,"sizes":[]},"elementskit_menu_toggle_border_radius_tablet":{"unit":"px","size":4,"sizes":[]},"elementskit_menu_toggle_background_background":"classic","elementskit_menu_toggle_background_color":"#FFFFFF00","elementskit_menu_toggle_icon_color":"#FFFFFF","elementskit_menu_toggle_icon_color_hover":"#FFB054","elementskit_menu_close_background_background":"classic","elementskit_menu_close_border_border":"solid","elementskit_menu_close_border_color":"#FFFFFF","elementskit_menu_close_background_hover_background":"classic","elementskit_menu_close_background_hover_color":"#FFB054","elementskit_menu_close_border_hover_border":"solid","elementskit_menu_close_border_hover_color":"#FFB054","elementskit_menu_close_icon_color_hover":"#FFFFFF","wrapper_color_mobile_tablet":"#1E1E1E","elementskit_menu_close_icon_color":"#FFFFFF","_background_color_stop_laptop":{"unit":"%","size":"","sizes":[]},"_background_color_stop_tablet":{"unit":"%","size":"","sizes":[]},"_background_color_stop_mobile":{"unit":"%","size":"","sizes":[]},"_background_color_b_stop_laptop":{"unit":"%","size":"","sizes":[]},"_background_color_b_stop_tablet":{"unit":"%","size":"","sizes":[]},"_background_color_b_stop_mobile":{"unit":"%","size":"","sizes":[]},"_background_gradient_angle_laptop":{"unit":"deg","size":"","sizes":[]},"_background_gradient_angle_tablet":{"unit":"deg","size":"","sizes":[]},"_background_gradient_angle_mobile":{"unit":"deg","size":"","sizes":[]},"_background_gradient_position_laptop":"center center","_background_gradient_position_tablet":"center center","_background_gradient_position_mobile":"center center","_background_hover_color_stop_laptop":{"unit":"%","size":"","sizes":[]},"_background_hover_color_stop_tablet":{"unit":"%","size":"","sizes":[]},"_background_hover_color_stop_mobile":{"unit":"%","size":"","sizes":[]},"_background_hover_color_b_stop_laptop":{"unit":"%","size":"","sizes":[]},"_background_hover_color_b_stop_tablet":{"unit":"%","size":"","sizes":[]},"_background_hover_color_b_stop_mobile":{"unit":"%","size":"","sizes":[]},"_background_hover_gradient_angle_laptop":{"unit":"deg","size":"","sizes":[]},"_background_hover_gradient_angle_tablet":{"unit":"deg","size":"","sizes":[]},"_background_hover_gradient_angle_mobile":{"unit":"deg","size":"","sizes":[]},"_background_hover_gradient_position_laptop":"center center","_background_hover_gradient_position_tablet":"center center","_background_hover_gradient_position_mobile":"center center","elementskit_menu_toggle_border_border":"solid","elementskit_menu_toggle_border_width_tablet":{"unit":"px","top":"0","right":"0","bottom":"0","left":"0","isLinked":true},"elementskit_menu_close_border_width_tablet":{"unit":"px","top":"0","right":"0","bottom":"0","left":"0","isLinked":true}},"elements":[],"isInner":false,"widgetType":"ekit-nav-menu","elType":"widget"}],"isInner":true,"elType":"container"},{"id":"5b4170c3","settings":{"flex_direction":"column","content_width":"full","width":{"unit":"px","size":200},"width_tablet":{"unit":"px","size":300,"sizes":[]},"width_mobile":{"unit":"custom","size":"","sizes":[]},"_flex_size_tablet":"grow","hide_tablet":"hidden-tablet","hide_mobile":"hidden-mobile","ekit_has_onepagescroll":""},"elements":[{"id":"361b96b2","settings":{"content_width":"full","text":"Get in Touch","typography_typography":"custom","typography_font_family":"Anek Bangla","typography_font_size":{"unit":"px","size":22,"sizes":[]},"typography_font_weight":"500","typography_line_height":{"unit":"em","size":1,"sizes":[]},"button_background_hover_background":"gradient","button_background_hover_color":"#BB6FFB42","button_background_hover_color_b":"#FFB05469","button_background_hover_gradient_angle":{"unit":"deg","size":90,"sizes":[]},"border_width":{"unit":"px","top":"0","right":"0","bottom":"0","left":"0","isLinked":true},"border_radius":{"unit":"px","top":"100","right":"100","bottom":"100","left":"100","isLinked":true},"text_padding":{"unit":"px","top":"14","right":"22","bottom":"10","left":"22","isLinked":false},"_css_classes":"btn-black","_border_radius":{"unit":"%","top":"","right":"","bottom":"","left":"","isLinked":true},"_border_radius_tablet":{"unit":"%","top":"","right":"","bottom":"","left":"","isLinked":true},"_border_radius_mobile":{"unit":"%","top":"","right":"","bottom":"","left":"","isLinked":true},"__globals__":{"border_color":"globals\/colors?id=primary","button_background_hover_color":"","button_background_hover_color_b":""},"typography_line_height_tablet":{"unit":"rem","size":"","sizes":[]},"typography_line_height_mobile":{"unit":"rem","size":"","sizes":[]},"link":{"url":"#contact","is_external":"","nofollow":"","custom_attributes":""},"selected_icon":{"value":{"id":58,"url":"http:\/\/localhost\/wordpress\/wp-content\/uploads\/2025\/01\/icon-arrow-gd.svg"},"library":"svg"},"icon_align":"row-reverse","icon_indent":{"unit":"px","size":10,"sizes":[]},"_flex_align_self":"flex-end","_flex_align_self_tablet":"center","_background_color_stop_laptop":{"unit":"%","size":"","sizes":[]},"_background_color_stop_tablet":{"unit":"%","size":"","sizes":[]},"_background_color_stop_mobile":{"unit":"%","size":"","sizes":[]},"_background_color_b_stop_laptop":{"unit":"%","size":"","sizes":[]},"_background_color_b_stop_tablet":{"unit":"%","size":"","sizes":[]},"_background_color_b_stop_mobile":{"unit":"%","size":"","sizes":[]},"_background_gradient_angle_laptop":{"unit":"deg","size":"","sizes":[]},"_background_gradient_angle_tablet":{"unit":"deg","size":"","sizes":[]},"_background_gradient_angle_mobile":{"unit":"deg","size":"","sizes":[]},"_background_gradient_position_laptop":"center center","_background_gradient_position_tablet":"center center","_background_gradient_position_mobile":"center center","_background_hover_color_stop_laptop":{"unit":"%","size":"","sizes":[]},"_background_hover_color_stop_tablet":{"unit":"%","size":"","sizes":[]},"_background_hover_color_stop_mobile":{"unit":"%","size":"","sizes":[]},"_background_hover_color_b_stop_laptop":{"unit":"%","size":"","sizes":[]},"_background_hover_color_b_stop_tablet":{"unit":"%","size":"","sizes":[]},"_background_hover_color_b_stop_mobile":{"unit":"%","size":"","sizes":[]},"_background_hover_gradient_angle_laptop":{"unit":"deg","size":"","sizes":[]},"_background_hover_gradient_angle_tablet":{"unit":"deg","size":"","sizes":[]},"_background_hover_gradient_angle_mobile":{"unit":"deg","size":"","sizes":[]},"_background_hover_gradient_position_laptop":"center center","_background_hover_gradient_position_tablet":"center center","_background_hover_gradient_position_mobile":"center center"},"elements":[],"isInner":false,"widgetType":"button","elType":"widget"}],"isInner":true,"elType":"container"}],"isInner":false,"elType":"container"}],"settings":{"template":"elementor_canvas"},"metadata":{"elementskit_template_activation":"yes","elementskit_template_type":"header","elementskit_template_condition_a":"entire_site","elementskit_template_condition_singular":"all","elementskit_template_condition_singular_id":null,"ekit_post_views_count":"19"}}