{"content":[{"id":"16039d89","settings":{"flex_direction":"column","_title":"shape"},"elements":[{"id":"68bf887","settings":{"content_width":"full","space":{"unit":"px","size":545,"sizes":[]},"_element_width":"initial","_element_custom_width":{"unit":"px","size":545,"sizes":[]},"_position":"absolute","_offset_orientation_h":"end","_offset_x_end":{"unit":"px","size":-40,"sizes":[]},"_offset_y":{"unit":"px","size":-170,"sizes":[]},"_css_classes":"shape-bg","_background_background":"gradient","_background_color":"#AF6DE626","_background_color_b":"#FFFFFF00","_background_color_b_stop":{"unit":"%","size":70,"sizes":[]},"_background_gradient_type":"radial","_border_radius":{"unit":"%","top":"100","right":"100","bottom":"100","left":"100","isLinked":true},"_border_radius_tablet":{"unit":"%","top":"","right":"","bottom":"","left":"","isLinked":true},"_border_radius_mobile":{"unit":"%","top":"","right":"","bottom":"","left":"","isLinked":true},"_z_index":-1,"_background_color_stop_laptop":{"unit":"%","size":"","sizes":[]},"_background_color_stop_tablet":{"unit":"%","size":"","sizes":[]},"_background_color_stop_mobile":{"unit":"%","size":"","sizes":[]},"_background_color_b_stop_laptop":{"unit":"%","size":"","sizes":[]},"_background_color_b_stop_tablet":{"unit":"%","size":"","sizes":[]},"_background_color_b_stop_mobile":{"unit":"%","size":"","sizes":[]},"_background_gradient_angle_laptop":{"unit":"deg","size":"","sizes":[]},"_background_gradient_angle_tablet":{"unit":"deg","size":"","sizes":[]},"_background_gradient_angle_mobile":{"unit":"deg","size":"","sizes":[]},"_background_gradient_position_laptop":"center center","_background_gradient_position_tablet":"center center","_background_gradient_position_mobile":"center center","_background_hover_color_stop_laptop":{"unit":"%","size":"","sizes":[]},"_background_hover_color_stop_tablet":{"unit":"%","size":"","sizes":[]},"_background_hover_color_stop_mobile":{"unit":"%","size":"","sizes":[]},"_background_hover_color_b_stop_laptop":{"unit":"%","size":"","sizes":[]},"_background_hover_color_b_stop_tablet":{"unit":"%","size":"","sizes":[]},"_background_hover_color_b_stop_mobile":{"unit":"%","size":"","sizes":[]},"_background_hover_gradient_angle_laptop":{"unit":"deg","size":"","sizes":[]},"_background_hover_gradient_angle_tablet":{"unit":"deg","size":"","sizes":[]},"_background_hover_gradient_angle_mobile":{"unit":"deg","size":"","sizes":[]},"_background_hover_gradient_position_laptop":"center center","_background_hover_gradient_position_tablet":"center center","_background_hover_gradient_position_mobile":"center center"},"elements":[],"isInner":false,"widgetType":"spacer","elType":"widget"},{"id":"8886045","settings":{"content_width":"full","space":{"unit":"px","size":545,"sizes":[]},"_element_width":"initial","_element_custom_width":{"unit":"px","size":545,"sizes":[]},"_position":"absolute","_offset_x":{"unit":"px","size":-180,"sizes":[]},"_offset_x_end":{"unit":"px","size":-40,"sizes":[]},"_offset_y":{"unit":"px","size":153,"sizes":[]},"_css_classes":"shape-bg","_background_background":"gradient","_background_color":"#AF6DE626","_background_color_b":"#FFFFFF00","_background_color_b_stop":{"unit":"%","size":70,"sizes":[]},"_background_gradient_type":"radial","_border_radius":{"unit":"%","top":"100","right":"100","bottom":"100","left":"100","isLinked":true},"_border_radius_tablet":{"unit":"%","top":"","right":"","bottom":"","left":"","isLinked":true},"_border_radius_mobile":{"unit":"%","top":"","right":"","bottom":"","left":"","isLinked":true},"_z_index":-1,"_background_color_stop_laptop":{"unit":"%","size":"","sizes":[]},"_background_color_stop_tablet":{"unit":"%","size":"","sizes":[]},"_background_color_stop_mobile":{"unit":"%","size":"","sizes":[]},"_background_color_b_stop_laptop":{"unit":"%","size":"","sizes":[]},"_background_color_b_stop_tablet":{"unit":"%","size":"","sizes":[]},"_background_color_b_stop_mobile":{"unit":"%","size":"","sizes":[]},"_background_gradient_angle_laptop":{"unit":"deg","size":"","sizes":[]},"_background_gradient_angle_tablet":{"unit":"deg","size":"","sizes":[]},"_background_gradient_angle_mobile":{"unit":"deg","size":"","sizes":[]},"_background_gradient_position_laptop":"center center","_background_gradient_position_tablet":"center center","_background_gradient_position_mobile":"center center","_background_hover_color_stop_laptop":{"unit":"%","size":"","sizes":[]},"_background_hover_color_stop_tablet":{"unit":"%","size":"","sizes":[]},"_background_hover_color_stop_mobile":{"unit":"%","size":"","sizes":[]},"_background_hover_color_b_stop_laptop":{"unit":"%","size":"","sizes":[]},"_background_hover_color_b_stop_tablet":{"unit":"%","size":"","sizes":[]},"_background_hover_color_b_stop_mobile":{"unit":"%","size":"","sizes":[]},"_background_hover_gradient_angle_laptop":{"unit":"deg","size":"","sizes":[]},"_background_hover_gradient_angle_tablet":{"unit":"deg","size":"","sizes":[]},"_background_hover_gradient_angle_mobile":{"unit":"deg","size":"","sizes":[]},"_background_hover_gradient_position_laptop":"center center","_background_hover_gradient_position_tablet":"center center","_background_hover_gradient_position_mobile":"center center"},"elements":[],"isInner":false,"widgetType":"spacer","elType":"widget"}],"isInner":false,"elType":"container"},{"id":"17bd9a1b","settings":{"flex_direction":"column","background_background":"classic","background_image":{"id":30,"url":"http:\/\/localhost\/wordpress\/wp-content\/uploads\/2025\/01\/Bg-patton.png"},"padding":{"unit":"px","top":"180","right":"30","bottom":"150","left":"30","isLinked":false},"padding_mobile":{"unit":"px","top":"120","right":"20","bottom":"70","left":"20","isLinked":false}},"elements":[{"id":"348b51cb","settings":{"content_width":"full","st_title_typography_content_typography_typography":"custom","st_title_typography_content_typography_font_family":"Anek Bangla","st_title_typography_content_typography_font_size":{"unit":"px","size":45,"sizes":[]},"st_title_typography_content_typography_font_weight":"600","st_title_typography_content_typography_line_height":{"unit":"em","size":1.2,"sizes":[]},"_css_classes":"text-bg font-shadow","__globals__":{"st_title_typography_content_typography_typography":""},"sg_title_html_tag":"h1","st_title_typography_content_typography_font_size_tablet":{"unit":"px","size":38,"sizes":[]},"st_title_typography_content_typography_font_size_mobile":{"unit":"px","size":28,"sizes":[]},"_margin":{"unit":"px","top":"0","right":"0","bottom":"10","left":"0","isLinked":false},"st_title_alignment_responsive":"center"},"elements":[],"isInner":false,"widgetType":"jkit_post_title","elType":"widget"},{"id":"3e209b8d","settings":{"view":"inline","icon_list":[{"text":"Home","selected_icon":{"value":"","library":""},"_id":"09c33c6","link":{"url":"#","is_external":"","nofollow":"","custom_attributes":""}},{"text":"Single Blog","selected_icon":{"value":"fas fa-angle-right","library":"fa-solid"},"_id":"ceff07d"}],"icon_color":"#FFFFFF","icon_typography_typography":"custom","icon_typography_font_family":"Manrope","icon_typography_font_size":{"unit":"px","size":14,"sizes":[]},"icon_typography_font_weight":"400","icon_typography_line_height":{"unit":"em","size":1.4,"sizes":[]},"__globals__":{"icon_color":"globals\/colors?id=5cc6e5e","icon_typography_typography":"globals\/typography?id=text","text_color":"globals\/colors?id=text"},"content_width":"full","icon_align":"center","text_color":"#B8B8B8"},"elements":[],"isInner":false,"widgetType":"icon-list","elType":"widget"},{"id":"68f0bc0d","settings":{"content_width":"full","selected_icon":{"value":{"id":29,"url":"http:\/\/localhost\/wordpress\/wp-content\/uploads\/2025\/01\/Global.svg"},"library":"svg"},"primary_color":"#333333","size":{"unit":"px","size":150,"sizes":[]},"_position":"absolute","_offset_orientation_h":"end","_offset_x_end":{"unit":"px","size":-30,"sizes":[]},"_offset_y":{"unit":"px","size":30,"sizes":[]},"_z_index":-1,"size_tablet":{"unit":"px","size":100,"sizes":[]},"_background_color_stop_laptop":{"unit":"%","size":"","sizes":[]},"_background_color_stop_tablet":{"unit":"%","size":"","sizes":[]},"_background_color_stop_mobile":{"unit":"%","size":"","sizes":[]},"_background_color_b_stop_laptop":{"unit":"%","size":"","sizes":[]},"_background_color_b_stop_tablet":{"unit":"%","size":"","sizes":[]},"_background_color_b_stop_mobile":{"unit":"%","size":"","sizes":[]},"_background_gradient_angle_laptop":{"unit":"deg","size":"","sizes":[]},"_background_gradient_angle_tablet":{"unit":"deg","size":"","sizes":[]},"_background_gradient_angle_mobile":{"unit":"deg","size":"","sizes":[]},"_background_gradient_position_laptop":"center center","_background_gradient_position_tablet":"center center","_background_gradient_position_mobile":"center center","_background_hover_color_stop_laptop":{"unit":"%","size":"","sizes":[]},"_background_hover_color_stop_tablet":{"unit":"%","size":"","sizes":[]},"_background_hover_color_stop_mobile":{"unit":"%","size":"","sizes":[]},"_background_hover_color_b_stop_laptop":{"unit":"%","size":"","sizes":[]},"_background_hover_color_b_stop_tablet":{"unit":"%","size":"","sizes":[]},"_background_hover_color_b_stop_mobile":{"unit":"%","size":"","sizes":[]},"_background_hover_gradient_angle_laptop":{"unit":"deg","size":"","sizes":[]},"_background_hover_gradient_angle_tablet":{"unit":"deg","size":"","sizes":[]},"_background_hover_gradient_angle_mobile":{"unit":"deg","size":"","sizes":[]},"_background_hover_gradient_position_laptop":"center center","_background_hover_gradient_position_tablet":"center center","_background_hover_gradient_position_mobile":"center center"},"elements":[],"isInner":false,"widgetType":"icon","elType":"widget"},{"id":"5594de5c","settings":{"content_width":"full","selected_icon":{"value":{"id":29,"url":"http:\/\/localhost\/wordpress\/wp-content\/uploads\/2025\/01\/Global.svg"},"library":"svg"},"primary_color":"#333333","size":{"unit":"px","size":150,"sizes":[]},"_position":"absolute","_offset_x":{"unit":"px","size":-100,"sizes":[]},"_offset_x_end":{"unit":"px","size":-60,"sizes":[]},"_offset_orientation_v":"end","_offset_y":{"unit":"px","size":-70,"sizes":[]},"_offset_y_end":{"unit":"px","size":30,"sizes":[]},"_z_index":-1,"size_tablet":{"unit":"px","size":100,"sizes":[]},"_offset_x_tablet":{"unit":"px","size":-23,"sizes":[]},"_background_color_stop_laptop":{"unit":"%","size":"","sizes":[]},"_background_color_stop_tablet":{"unit":"%","size":"","sizes":[]},"_background_color_stop_mobile":{"unit":"%","size":"","sizes":[]},"_background_color_b_stop_laptop":{"unit":"%","size":"","sizes":[]},"_background_color_b_stop_tablet":{"unit":"%","size":"","sizes":[]},"_background_color_b_stop_mobile":{"unit":"%","size":"","sizes":[]},"_background_gradient_angle_laptop":{"unit":"deg","size":"","sizes":[]},"_background_gradient_angle_tablet":{"unit":"deg","size":"","sizes":[]},"_background_gradient_angle_mobile":{"unit":"deg","size":"","sizes":[]},"_background_gradient_position_laptop":"center center","_background_gradient_position_tablet":"center center","_background_gradient_position_mobile":"center center","_background_hover_color_stop_laptop":{"unit":"%","size":"","sizes":[]},"_background_hover_color_stop_tablet":{"unit":"%","size":"","sizes":[]},"_background_hover_color_stop_mobile":{"unit":"%","size":"","sizes":[]},"_background_hover_color_b_stop_laptop":{"unit":"%","size":"","sizes":[]},"_background_hover_color_b_stop_tablet":{"unit":"%","size":"","sizes":[]},"_background_hover_color_b_stop_mobile":{"unit":"%","size":"","sizes":[]},"_background_hover_gradient_angle_laptop":{"unit":"deg","size":"","sizes":[]},"_background_hover_gradient_angle_tablet":{"unit":"deg","size":"","sizes":[]},"_background_hover_gradient_angle_mobile":{"unit":"deg","size":"","sizes":[]},"_background_hover_gradient_position_laptop":"center center","_background_hover_gradient_position_tablet":"center center","_background_hover_gradient_position_mobile":"center center"},"elements":[],"isInner":false,"widgetType":"icon","elType":"widget"}],"isInner":false,"elType":"container"},{"id":"3fc84589","settings":{"flex_direction":"row","overflow":"hidden","padding":{"unit":"px","top":"0","right":"30","bottom":"120","left":"30","isLinked":false},"padding_tablet":{"unit":"px","top":"80","right":"20","bottom":"80","left":"20","isLinked":false},"padding_mobile":{"unit":"px","top":"0","right":"20","bottom":"50","left":"20","isLinked":false},"boxed_width":{"unit":"px","size":800,"sizes":[]}},"elements":[{"id":"57587b44","settings":{"content_width":"full","width_tablet":{"unit":"%","size":"","sizes":[]},"width_mobile":{"unit":"%","size":"","sizes":[]},"padding":{"unit":"px","top":"0","right":"0","bottom":"0","left":"0","isLinked":false},"flex_gap":{"column":"20","row":"20","isLinked":true,"unit":"px","size":20}},"elements":[{"id":"3c8777a6","settings":{"st_image_border_radius_responsive":{"unit":"px","top":"16","right":"16","bottom":"16","left":"16","isLinked":true},"st_image_size_responsive":{"unit":"%","size":100,"sizes":[]},"st_image_size_responsive_laptop":{"unit":"em","size":"","sizes":[]},"st_image_size_responsive_tablet":{"unit":"em","size":"","sizes":[]},"st_image_size_responsive_mobile":{"unit":"em","size":"","sizes":[]}},"elements":[],"isInner":false,"widgetType":"jkit_post_featured_image","elType":"widget"},{"id":"744ffc4f","settings":{"title":"Proinmauris risus turpos or nare filis aptent nisl","header_size":"h4","title_color":"#FFFFFF","typography_typography":"custom","typography_font_family":"Anek Bangla","typography_font_size":{"unit":"px","size":32,"sizes":[]},"typography_font_weight":"700","typography_line_height":{"unit":"em","size":1.5,"sizes":[]},"__globals__":{"title_color":"globals\/colors?id=primary","typography_typography":""},"_margin":{"unit":"px","top":"0","right":"0","bottom":"-5","left":"0","isLinked":false},"typography_font_size_mobile":{"unit":"px","size":26,"sizes":[]},"typography_line_height_mobile":{"unit":"em","size":1.4,"sizes":[]},"_css_classes":"text-bg font-shadow"},"elements":[],"isInner":false,"widgetType":"heading","elType":"widget"},{"id":"192ae83c","settings":{"editor":"<p>At vero eos et accusamus et iusto odio dignissimos ducimus qui blanditiis praesentium voluptatum deleniti atque corrupti quos dolores et quas molestias excepturi sint occaecati cupiditate non provident, similique sunt in culpa qui officia deserunt mollitia animi, id est laborum et dolorum fuga. Et harum quidem rerum facilis est et expedita distinctio.<\/p>","typography_typography":"custom","typography_font_family":"Manrope","typography_font_size":{"unit":"px","size":17,"sizes":[]},"typography_font_size_tablet":{"unit":"px","size":16,"sizes":[]},"typography_font_size_mobile":{"unit":"px","size":14,"sizes":[]},"typography_font_weight":"400","typography_line_height":{"unit":"em","size":1.6,"sizes":[]},"_element_custom_width":{"unit":"px","size":580,"sizes":[]},"_background_color_stop_laptop":{"unit":"%","size":"","sizes":[]},"_background_color_stop_tablet":{"unit":"%","size":"","sizes":[]},"_background_color_stop_mobile":{"unit":"%","size":"","sizes":[]},"_background_color_b_stop_laptop":{"unit":"%","size":"","sizes":[]},"_background_color_b_stop_tablet":{"unit":"%","size":"","sizes":[]},"_background_color_b_stop_mobile":{"unit":"%","size":"","sizes":[]},"_background_gradient_angle_laptop":{"unit":"deg","size":"","sizes":[]},"_background_gradient_angle_tablet":{"unit":"deg","size":"","sizes":[]},"_background_gradient_angle_mobile":{"unit":"deg","size":"","sizes":[]},"_background_gradient_position_laptop":"center center","_background_gradient_position_tablet":"center center","_background_gradient_position_mobile":"center center","_background_hover_color_stop_laptop":{"unit":"%","size":"","sizes":[]},"_background_hover_color_stop_tablet":{"unit":"%","size":"","sizes":[]},"_background_hover_color_stop_mobile":{"unit":"%","size":"","sizes":[]},"_background_hover_color_b_stop_laptop":{"unit":"%","size":"","sizes":[]},"_background_hover_color_b_stop_tablet":{"unit":"%","size":"","sizes":[]},"_background_hover_color_b_stop_mobile":{"unit":"%","size":"","sizes":[]},"_background_hover_gradient_angle_laptop":{"unit":"deg","size":"","sizes":[]},"_background_hover_gradient_angle_tablet":{"unit":"deg","size":"","sizes":[]},"_background_hover_gradient_angle_mobile":{"unit":"deg","size":"","sizes":[]},"_background_hover_gradient_position_laptop":"center center","_background_hover_gradient_position_tablet":"center center","_background_hover_gradient_position_mobile":"center center"},"elements":[],"isInner":false,"widgetType":"text-editor","elType":"widget"},{"id":"33889549","settings":{"editor":"<p>Nam libero tempore, cum soluta nobis est eligendi optio cumque nihil impedit quo minus id quod maxime placeat facere possimus, omnis voluptas assumenda est, omnis dolor repellendus. Temporibus autem quibusdam et aut<\/p>","typography_typography":"custom","typography_font_family":"Manrope","typography_font_size":{"unit":"px","size":17,"sizes":[]},"typography_font_size_tablet":{"unit":"px","size":16,"sizes":[]},"typography_font_size_mobile":{"unit":"px","size":14,"sizes":[]},"typography_font_weight":"400","typography_line_height":{"unit":"em","size":1.6,"sizes":[]},"_element_custom_width":{"unit":"px","size":580,"sizes":[]},"_background_color_stop_laptop":{"unit":"%","size":"","sizes":[]},"_background_color_stop_tablet":{"unit":"%","size":"","sizes":[]},"_background_color_stop_mobile":{"unit":"%","size":"","sizes":[]},"_background_color_b_stop_laptop":{"unit":"%","size":"","sizes":[]},"_background_color_b_stop_tablet":{"unit":"%","size":"","sizes":[]},"_background_color_b_stop_mobile":{"unit":"%","size":"","sizes":[]},"_background_gradient_angle_laptop":{"unit":"deg","size":"","sizes":[]},"_background_gradient_angle_tablet":{"unit":"deg","size":"","sizes":[]},"_background_gradient_angle_mobile":{"unit":"deg","size":"","sizes":[]},"_background_gradient_position_laptop":"center center","_background_gradient_position_tablet":"center center","_background_gradient_position_mobile":"center center","_background_hover_color_stop_laptop":{"unit":"%","size":"","sizes":[]},"_background_hover_color_stop_tablet":{"unit":"%","size":"","sizes":[]},"_background_hover_color_stop_mobile":{"unit":"%","size":"","sizes":[]},"_background_hover_color_b_stop_laptop":{"unit":"%","size":"","sizes":[]},"_background_hover_color_b_stop_tablet":{"unit":"%","size":"","sizes":[]},"_background_hover_color_b_stop_mobile":{"unit":"%","size":"","sizes":[]},"_background_hover_gradient_angle_laptop":{"unit":"deg","size":"","sizes":[]},"_background_hover_gradient_angle_tablet":{"unit":"deg","size":"","sizes":[]},"_background_hover_gradient_angle_mobile":{"unit":"deg","size":"","sizes":[]},"_background_hover_gradient_position_laptop":"center center","_background_hover_gradient_position_tablet":"center center","_background_hover_gradient_position_mobile":"center center"},"elements":[],"isInner":false,"widgetType":"text-editor","elType":"widget"},{"id":"554dccbb","settings":{"editor":"<p>There are many variations of passages of Lorem Ipsum available, but the majority have suffered alteration in some form, by injected humour, or randomised words which don't look even slightly believable. If you are going to use a passage of Lorem Ipsum, you need to be sure there isn't anything embarrassing hidden in the middle of text.<\/p>","typography_typography":"custom","typography_font_family":"Manrope","typography_font_size":{"unit":"px","size":17,"sizes":[]},"typography_font_size_tablet":{"unit":"px","size":16,"sizes":[]},"typography_font_size_mobile":{"unit":"px","size":14,"sizes":[]},"typography_font_weight":"400","typography_line_height":{"unit":"em","size":1.6,"sizes":[]},"_element_custom_width":{"unit":"px","size":580,"sizes":[]},"_background_color_stop_laptop":{"unit":"%","size":"","sizes":[]},"_background_color_stop_tablet":{"unit":"%","size":"","sizes":[]},"_background_color_stop_mobile":{"unit":"%","size":"","sizes":[]},"_background_color_b_stop_laptop":{"unit":"%","size":"","sizes":[]},"_background_color_b_stop_tablet":{"unit":"%","size":"","sizes":[]},"_background_color_b_stop_mobile":{"unit":"%","size":"","sizes":[]},"_background_gradient_angle_laptop":{"unit":"deg","size":"","sizes":[]},"_background_gradient_angle_tablet":{"unit":"deg","size":"","sizes":[]},"_background_gradient_angle_mobile":{"unit":"deg","size":"","sizes":[]},"_background_gradient_position_laptop":"center center","_background_gradient_position_tablet":"center center","_background_gradient_position_mobile":"center center","_background_hover_color_stop_laptop":{"unit":"%","size":"","sizes":[]},"_background_hover_color_stop_tablet":{"unit":"%","size":"","sizes":[]},"_background_hover_color_stop_mobile":{"unit":"%","size":"","sizes":[]},"_background_hover_color_b_stop_laptop":{"unit":"%","size":"","sizes":[]},"_background_hover_color_b_stop_tablet":{"unit":"%","size":"","sizes":[]},"_background_hover_color_b_stop_mobile":{"unit":"%","size":"","sizes":[]},"_background_hover_gradient_angle_laptop":{"unit":"deg","size":"","sizes":[]},"_background_hover_gradient_angle_tablet":{"unit":"deg","size":"","sizes":[]},"_background_hover_gradient_angle_mobile":{"unit":"deg","size":"","sizes":[]},"_background_hover_gradient_position_laptop":"center center","_background_hover_gradient_position_tablet":"center center","_background_hover_gradient_position_mobile":"center center"},"elements":[],"isInner":false,"widgetType":"text-editor","elType":"widget"},{"id":"56a16dff","settings":{"background_background":"classic","border_radius":{"unit":"px","top":"10","right":"10","bottom":"10","left":"10","isLinked":true},"margin":{"unit":"px","top":"0","right":"0","bottom":"15","left":"0","isLinked":false},"padding":{"unit":"px","top":"30","right":"30","bottom":"30","left":"30","isLinked":true},"__globals__":{"background_color":""},"background_color":"#1E1E1E"},"elements":[{"id":"82109dc","settings":{"selected_icon":{"value":"fas fa-quote-left","library":"fa-solid"},"align":"left","size":{"unit":"px","size":34,"sizes":[]},"__globals__":{"primary_color":""}},"elements":[],"isInner":false,"widgetType":"icon","elType":"widget"},{"id":"5ece61c3","settings":{"editor":"<p>\u2018\u2019 Embed a little help from our friends from time to time. Although we offer the one-stop convenience of annery integrated range of legal.\u2019\u2019<\/p>","typography_typography":"custom","typography_font_family":"Manrope","typography_font_size":{"unit":"px","size":16,"sizes":[]},"typography_font_weight":"700","_margin":{"unit":"px","top":"10","right":"0","bottom":"0","left":"0","isLinked":false},"__globals__":{"text_color":"globals\/colors?id=text","typography_typography":""}},"elements":[],"isInner":false,"widgetType":"text-editor","elType":"widget"},{"id":"4daf6445","settings":{"width":{"unit":"px","size":140,"sizes":[]},"width_tablet":{"unit":"px","size":"","sizes":[]},"width_mobile":{"unit":"px","size":"","sizes":[]},"align":"left","look":"line_text","text":"Johon Smit","color":"#FFB054","weight":{"unit":"px","size":2,"sizes":[]},"gap":{"unit":"px","size":0,"sizes":[]},"text_color":"#FFFFFF","typography_typography":"custom","typography_font_family":"Manrope","typography_font_size":{"unit":"px","size":18,"sizes":[]},"typography_font_weight":"700","text_align":"right","text_spacing":{"unit":"px","size":15,"sizes":[]},"__globals__":{"typography_typography":"","text_color":"","color":"globals\/colors?id=secondary"}},"elements":[],"isInner":false,"widgetType":"divider","elType":"widget"}],"isInner":true,"elType":"container"},{"id":"5cebd10a","settings":{"flex_direction":"row","flex_direction_tablet":"column","padding":{"unit":"px","top":"0","right":"0","bottom":"10","left":"0","isLinked":false},"padding_tablet":{"unit":"px","top":"0","right":"0","bottom":"15","left":"0","isLinked":false}},"elements":[{"id":"7f93b90","settings":{"content_width":"full","width":{"unit":"%","size":55,"sizes":[]},"width_tablet":{"unit":"%","size":100,"sizes":[]},"width_mobile":{"unit":"%","size":"","sizes":[]},"background_background":"classic","background_image":{"id":31,"url":"http:\/\/localhost\/wordpress\/wp-content\/uploads\/2025\/01\/video-imga.jpg"},"background_position":"center center","background_repeat":"no-repeat","background_size":"cover","border_radius":{"unit":"px","top":"16","right":"16","bottom":"16","left":"16","isLinked":true},"padding":{"unit":"px","top":"0","right":"0","bottom":"0","left":"0","isLinked":false}},"elements":[{"id":"67f1ac5a","settings":{"sg_video_button_title":"Play Video","sg_video_button_icon":{"value":"fas fa-play","library":"fa-solid"},"sg_video_url":"https:\/\/www.youtube.com\/watch?v=MLpWrANjFbI","st_button_padding_responsive":{"unit":"px","top":"8","right":"0","bottom":"0","left":"5","isLinked":false},"st_button_height_responsive":{"unit":"px","size":70,"sizes":[]},"st_button_width_responsive":{"unit":"px","size":70,"sizes":[]},"st_button_normal_glow_color_responsive":"#5F39FF00","st_button_normal_background_background_background":"gradient","st_button_normal_background_background_color":"#FF3BCE","st_button_normal_background_background_color_b":"#3BA7EB","st_border_normal_border_border_border":"none","st_button_icon_size_responsive":{"unit":"px","size":26,"sizes":[]},"_padding":{"unit":"px","top":"120","right":"0","bottom":"120","left":"0","isLinked":false},"__globals__":{"st_button_normal_background_background_color":"","st_button_normal_background_background_color_b":"","st_button_normal_glow_color_responsive":""},"st_icon_normal_color_responsive":"#FFFFFF"},"elements":[],"isInner":false,"widgetType":"jkit_video_button","elType":"widget"}],"isInner":true,"elType":"container"},{"id":"6583be2e","settings":{"content_width":"full","width":{"unit":"%","size":45,"sizes":[]},"width_tablet":{"unit":"%","size":100,"sizes":[]},"width_mobile":{"unit":"%","size":"","sizes":[]},"flex_justify_content":"center","padding":{"unit":"px","top":"0","right":"0","bottom":"0","left":"30","isLinked":false},"padding_tablet":{"unit":"px","top":"30","right":"0","bottom":"0","left":"0","isLinked":false}},"elements":[{"id":"5b2de19a","settings":{"title":"We serve the best work","header_size":"h4","title_color":"#FFFFFF","typography_font_family":"Manrope","typography_font_size":{"unit":"px","size":32,"sizes":[]},"typography_font_weight":"700","typography_line_height":{"unit":"em","size":1.2,"sizes":[]},"__globals__":{"title_color":"globals\/colors?id=primary","typography_typography":""},"_margin":{"unit":"px","top":"0","right":"0","bottom":"10","left":"0","isLinked":false},"typography_typography":"custom","typography_font_size_mobile":{"unit":"px","size":26,"sizes":[]},"typography_line_height_laptop":{"unit":"em","size":"","sizes":[]},"typography_line_height_tablet":{"unit":"px","size":"","sizes":[]},"typography_line_height_mobile":{"unit":"px","size":"","sizes":[]},"_css_classes":"text-bg"},"elements":[],"isInner":false,"widgetType":"heading","elType":"widget"},{"id":"11c2ebf6","settings":{"editor":"<p>At vero eos et accusamus et iusto odio dignissimos ducimus qui blanditiis praesentium voluptatum deleniti atque corrupti quos dolores.<\/p>","typography_typography":"custom","typography_font_family":"Manrope","typography_font_size":{"unit":"px","size":17,"sizes":[]},"typography_font_size_tablet":{"unit":"px","size":16,"sizes":[]},"typography_font_size_mobile":{"unit":"px","size":14,"sizes":[]},"typography_font_weight":"400","typography_line_height":{"unit":"em","size":1.6,"sizes":[]},"_element_custom_width":{"unit":"px","size":580,"sizes":[]},"_background_color_stop_laptop":{"unit":"%","size":"","sizes":[]},"_background_color_stop_tablet":{"unit":"%","size":"","sizes":[]},"_background_color_stop_mobile":{"unit":"%","size":"","sizes":[]},"_background_color_b_stop_laptop":{"unit":"%","size":"","sizes":[]},"_background_color_b_stop_tablet":{"unit":"%","size":"","sizes":[]},"_background_color_b_stop_mobile":{"unit":"%","size":"","sizes":[]},"_background_gradient_angle_laptop":{"unit":"deg","size":"","sizes":[]},"_background_gradient_angle_tablet":{"unit":"deg","size":"","sizes":[]},"_background_gradient_angle_mobile":{"unit":"deg","size":"","sizes":[]},"_background_gradient_position_laptop":"center center","_background_gradient_position_tablet":"center center","_background_gradient_position_mobile":"center center","_background_hover_color_stop_laptop":{"unit":"%","size":"","sizes":[]},"_background_hover_color_stop_tablet":{"unit":"%","size":"","sizes":[]},"_background_hover_color_stop_mobile":{"unit":"%","size":"","sizes":[]},"_background_hover_color_b_stop_laptop":{"unit":"%","size":"","sizes":[]},"_background_hover_color_b_stop_tablet":{"unit":"%","size":"","sizes":[]},"_background_hover_color_b_stop_mobile":{"unit":"%","size":"","sizes":[]},"_background_hover_gradient_angle_laptop":{"unit":"deg","size":"","sizes":[]},"_background_hover_gradient_angle_tablet":{"unit":"deg","size":"","sizes":[]},"_background_hover_gradient_angle_mobile":{"unit":"deg","size":"","sizes":[]},"_background_hover_gradient_position_laptop":"center center","_background_hover_gradient_position_tablet":"center center","_background_hover_gradient_position_mobile":"center center"},"elements":[],"isInner":false,"widgetType":"text-editor","elType":"widget"},{"id":"4bbbbe15","settings":{"icon_list":[{"text":"Use the latest diagnostic equipment.","selected_icon":{"value":{"id":32,"url":"http:\/\/localhost\/wordpress\/wp-content\/uploads\/2025\/01\/Icon.svg"},"library":"svg"},"_id":"012f44c"},{"text":"Automotive services for out clients","selected_icon":{"value":{"id":32,"url":"http:\/\/localhost\/wordpress\/wp-content\/uploads\/2025\/01\/Icon.svg"},"library":"svg"},"_id":"c226f2c"},{"text":"Quick dedicated support team. ","selected_icon":{"value":{"id":32,"url":"http:\/\/localhost\/wordpress\/wp-content\/uploads\/2025\/01\/Icon.svg"},"library":"svg"},"_id":"32c7414"}],"space_between":{"unit":"px","size":20,"sizes":[]},"icon_size":{"unit":"px","size":17,"sizes":[]},"icon_typography_typography":"custom","icon_typography_font_family":"Poppins","icon_typography_font_size":{"unit":"px","size":14,"sizes":[]},"icon_typography_font_weight":"400","icon_typography_line_height":{"unit":"px","size":22,"sizes":[]},"__globals__":{"icon_color":"globals\/colors?id=accent","icon_typography_typography":"","text_color":"globals\/colors?id=primary"},"text_indent":{"unit":"px","size":6,"sizes":[]},"icon_typography_line_height_tablet":{"unit":"px","size":"","sizes":[]},"icon_typography_line_height_mobile":{"unit":"px","size":"","sizes":[]},"_margin":{"unit":"px","top":"0","right":"0","bottom":"0","left":"0","isLinked":false},"_flex_size":"grow","_background_color_stop_laptop":{"unit":"%","size":"","sizes":[]},"_background_color_stop_tablet":{"unit":"%","size":"","sizes":[]},"_background_color_stop_mobile":{"unit":"%","size":"","sizes":[]},"_background_color_b_stop_laptop":{"unit":"%","size":"","sizes":[]},"_background_color_b_stop_tablet":{"unit":"%","size":"","sizes":[]},"_background_color_b_stop_mobile":{"unit":"%","size":"","sizes":[]},"_background_gradient_angle_laptop":{"unit":"deg","size":"","sizes":[]},"_background_gradient_angle_tablet":{"unit":"deg","size":"","sizes":[]},"_background_gradient_angle_mobile":{"unit":"deg","size":"","sizes":[]},"_background_gradient_position_laptop":"center center","_background_gradient_position_tablet":"center center","_background_gradient_position_mobile":"center center","_background_hover_color_stop_laptop":{"unit":"%","size":"","sizes":[]},"_background_hover_color_stop_tablet":{"unit":"%","size":"","sizes":[]},"_background_hover_color_stop_mobile":{"unit":"%","size":"","sizes":[]},"_background_hover_color_b_stop_laptop":{"unit":"%","size":"","sizes":[]},"_background_hover_color_b_stop_tablet":{"unit":"%","size":"","sizes":[]},"_background_hover_color_b_stop_mobile":{"unit":"%","size":"","sizes":[]},"_background_hover_gradient_angle_laptop":{"unit":"deg","size":"","sizes":[]},"_background_hover_gradient_angle_tablet":{"unit":"deg","size":"","sizes":[]},"_background_hover_gradient_angle_mobile":{"unit":"deg","size":"","sizes":[]},"_background_hover_gradient_position_laptop":"center center","_background_hover_gradient_position_tablet":"center center","_background_hover_gradient_position_mobile":"center center"},"elements":[],"isInner":false,"widgetType":"icon-list","elType":"widget"}],"isInner":true,"elType":"container"}],"isInner":true,"elType":"container"},{"id":"7a700d5f","settings":{"editor":"<p>\u201cWe offer comprehensive employment services such as assistance with employer compliance.Our company is your strategic HR partner as instead of HR.\u201d<\/p>","typography_typography":"custom","typography_font_family":"Manrope","typography_font_size":{"unit":"px","size":17,"sizes":[]},"typography_font_size_tablet":{"unit":"px","size":16,"sizes":[]},"typography_font_size_mobile":{"unit":"px","size":14,"sizes":[]},"typography_font_weight":"400","typography_line_height":{"unit":"em","size":1.6,"sizes":[]},"_element_custom_width":{"unit":"px","size":580,"sizes":[]},"_background_color_stop_laptop":{"unit":"%","size":"","sizes":[]},"_background_color_stop_tablet":{"unit":"%","size":"","sizes":[]},"_background_color_stop_mobile":{"unit":"%","size":"","sizes":[]},"_background_color_b_stop_laptop":{"unit":"%","size":"","sizes":[]},"_background_color_b_stop_tablet":{"unit":"%","size":"","sizes":[]},"_background_color_b_stop_mobile":{"unit":"%","size":"","sizes":[]},"_background_gradient_angle_laptop":{"unit":"deg","size":"","sizes":[]},"_background_gradient_angle_tablet":{"unit":"deg","size":"","sizes":[]},"_background_gradient_angle_mobile":{"unit":"deg","size":"","sizes":[]},"_background_gradient_position_laptop":"center center","_background_gradient_position_tablet":"center center","_background_gradient_position_mobile":"center center","_background_hover_color_stop_laptop":{"unit":"%","size":"","sizes":[]},"_background_hover_color_stop_tablet":{"unit":"%","size":"","sizes":[]},"_background_hover_color_stop_mobile":{"unit":"%","size":"","sizes":[]},"_background_hover_color_b_stop_laptop":{"unit":"%","size":"","sizes":[]},"_background_hover_color_b_stop_tablet":{"unit":"%","size":"","sizes":[]},"_background_hover_color_b_stop_mobile":{"unit":"%","size":"","sizes":[]},"_background_hover_gradient_angle_laptop":{"unit":"deg","size":"","sizes":[]},"_background_hover_gradient_angle_tablet":{"unit":"deg","size":"","sizes":[]},"_background_hover_gradient_angle_mobile":{"unit":"deg","size":"","sizes":[]},"_background_hover_gradient_position_laptop":"center center","_background_hover_gradient_position_tablet":"center center","_background_hover_gradient_position_mobile":"center center"},"elements":[],"isInner":false,"widgetType":"text-editor","elType":"widget"},{"id":"39d49c61","settings":{"editor":"<p>There are many variations of passages of Lorem Ipsum available, but the majority have suffered alteration in some form, by injected humour, or randomised words which don't look even slightly believable. If you are going to use a passage of Lorem Ipsum, you need to be sure there isn't anything embarrassing hidden in the middle of text.<\/p>","typography_typography":"custom","typography_font_family":"Manrope","typography_font_size":{"unit":"px","size":17,"sizes":[]},"typography_font_size_tablet":{"unit":"px","size":16,"sizes":[]},"typography_font_size_mobile":{"unit":"px","size":14,"sizes":[]},"typography_font_weight":"400","typography_line_height":{"unit":"em","size":1.6,"sizes":[]},"_element_custom_width":{"unit":"px","size":580,"sizes":[]},"_background_color_stop_laptop":{"unit":"%","size":"","sizes":[]},"_background_color_stop_tablet":{"unit":"%","size":"","sizes":[]},"_background_color_stop_mobile":{"unit":"%","size":"","sizes":[]},"_background_color_b_stop_laptop":{"unit":"%","size":"","sizes":[]},"_background_color_b_stop_tablet":{"unit":"%","size":"","sizes":[]},"_background_color_b_stop_mobile":{"unit":"%","size":"","sizes":[]},"_background_gradient_angle_laptop":{"unit":"deg","size":"","sizes":[]},"_background_gradient_angle_tablet":{"unit":"deg","size":"","sizes":[]},"_background_gradient_angle_mobile":{"unit":"deg","size":"","sizes":[]},"_background_gradient_position_laptop":"center center","_background_gradient_position_tablet":"center center","_background_gradient_position_mobile":"center center","_background_hover_color_stop_laptop":{"unit":"%","size":"","sizes":[]},"_background_hover_color_stop_tablet":{"unit":"%","size":"","sizes":[]},"_background_hover_color_stop_mobile":{"unit":"%","size":"","sizes":[]},"_background_hover_color_b_stop_laptop":{"unit":"%","size":"","sizes":[]},"_background_hover_color_b_stop_tablet":{"unit":"%","size":"","sizes":[]},"_background_hover_color_b_stop_mobile":{"unit":"%","size":"","sizes":[]},"_background_hover_gradient_angle_laptop":{"unit":"deg","size":"","sizes":[]},"_background_hover_gradient_angle_tablet":{"unit":"deg","size":"","sizes":[]},"_background_hover_gradient_angle_mobile":{"unit":"deg","size":"","sizes":[]},"_background_hover_gradient_position_laptop":"center center","_background_hover_gradient_position_tablet":"center center","_background_hover_gradient_position_mobile":"center center"},"elements":[],"isInner":false,"widgetType":"text-editor","elType":"widget"},{"id":"6deb1175","settings":{"st_form_label_typography_content_typography_typography":"custom","st_form_label_typography_content_typography_font_family":"Manrope","st_form_label_typography_content_typography_font_size":{"unit":"px","size":16,"sizes":[]},"st_form_label_typography_content_typography_font_weight":"400","st_form_label_typography_content_typography_line_height":{"unit":"em","size":1.6,"sizes":[]},"st_form_field_padding_responsive":{"unit":"px","top":"14","right":"20","bottom":"20","left":"20","isLinked":false},"st_form_field_normal_border_border_border":"solid","st_form_field_normal_border_border_width":{"unit":"px","top":"1","right":"1","bottom":"1","left":"1","isLinked":true},"st_form_field_normal_border_border_color":"#E4E1FF1F","st_form_field_normal_radius_responsive":{"unit":"px","top":"10","right":"10","bottom":"10","left":"10","isLinked":true},"st_form_field_focus_border_border_border":"solid","st_form_field_focus_border_border_width":{"unit":"px","top":"1","right":"1","bottom":"1","left":"1","isLinked":true},"st_title_typography_content_typography_typography":"custom","st_title_typography_content_typography_font_size":{"unit":"px","size":30,"sizes":[]},"st_title_text_color_responsive":"#FFFFFF","st_button_normal_text_color":"#FFFFFF","st_button_normal_background_background_background":"gradient","st_button_normal_background_background_color":"#FF3BCE","st_button_normal_background_background_color_b":"#3BA7EB","st_button_normal_background_background_gradient_angle":{"unit":"deg","size":90,"sizes":[]},"st_button_normal_border_border_border":"none","_background_color":"#20D9A114","_background_color_b":"#5F39FF14","_background_gradient_angle":{"unit":"deg","size":90,"sizes":[]},"_border_radius":{"unit":"px","top":"10","right":"10","bottom":"10","left":"10","isLinked":true},"__globals__":{"st_button_normal_background_background_color":"","st_button_normal_background_background_color_b":"","st_button_normal_text_color":"","st_title_text_color_responsive":"globals\/colors?id=primary","st_form_label_typography_content_typography_typography":"","st_form_field_focus_border_border_color":"globals\/colors?id=primary","st_form_label_text_color":"globals\/colors?id=primary","st_description_text_color_responsive":"globals\/colors?id=text","st_button_typography_content_typography_typography":""},"st_form_label_text_color":"#FFFFFF","st_form_field_normal_text_color":"#FFFFFF","st_form_field_normal_background_background_background":"classic","st_form_field_normal_background_background_color":"#1E1E1E","st_form_field_focus_border_border_color":"#FFFFFF","st_form_checkbox_normal_background_background_background":"classic","st_description_text_color_responsive":"#B8B8B8","st_description_link_normal_text_color_responsive":"#FFFCFC","st_button_padding_responsive":{"unit":"px","top":"19","right":"25","bottom":"19","left":"26","isLinked":false},"st_button_typography_content_typography_typography":"custom","st_button_typography_content_typography_font_family":"Anek Bangla","st_button_typography_content_typography_font_size":{"unit":"px","size":22,"sizes":[]},"st_button_typography_content_typography_font_weight":"500","st_button_typography_content_typography_line_height":{"unit":"px","size":22,"sizes":[]},"st_button_typography_content_typography_line_height_tablet":{"unit":"px","size":"","sizes":[]},"st_button_typography_content_typography_line_height_mobile":{"unit":"px","size":"","sizes":[]},"st_button_normal_radius_responsive":{"unit":"px","top":"100","right":"100","bottom":"100","left":"100","isLinked":true},"st_button_hover_background_background_background":"gradient","st_button_hover_background_background_color":"#3BA7EB","st_button_hover_background_background_color_b":"#FF3BCE","st_button_hover_background_background_gradient_angle":{"unit":"deg","size":90,"sizes":[]},"_css_classes":"post-comment"},"elements":[],"isInner":false,"widgetType":"jkit_post_comment","elType":"widget"}],"isInner":true,"elType":"container"}],"isInner":false,"elType":"container"}],"settings":{"template":"default","background_background":"classic","background_color":"#171614","eael_ext_toc_title":"Table of Contents"},"metadata":{"ekit_post_views_count":"32"}}