{"content":[],"settings":{"template":"default","system_colors":[{"_id":"primary","title":"Primary","color":"#FFFFFF"},{"_id":"secondary","title":"Secondary","color":"#FFB054"},{"_id":"text","title":"Text","color":"#B8B8B8"},{"_id":"accent","title":"Accent","color":"#000000"}],"custom_colors":[{"_id":"3a9a0af","title":"Silver","color":"#CCCCCC"},{"_id":"a95d202","title":"transparent","color":"#00000000"}],"typography_enable_styleguide_preview":"yes","system_typography":[{"_id":"primary","title":"Primary","typography_typography":"custom","typography_font_family":"Anek Bangla","typography_font_weight":"600","typography_font_size":{"unit":"px","size":56,"sizes":[]},"typography_line_height":{"unit":"em","size":1.5,"sizes":[]}},{"_id":"secondary","title":"Secondary","typography_typography":"custom","typography_font_family":"Manrope","typography_font_weight":"700"},{"_id":"text","title":"Text","typography_typography":"custom","typography_font_family":"Manrope","typography_font_weight":"400","typography_font_size":{"unit":"px","size":17,"sizes":[]},"typography_line_height":{"unit":"em","size":1.6,"sizes":[]}},{"_id":"accent","title":"Accent","typography_typography":"custom","typography_font_family":"Anek Bangla","typography_font_weight":"500"}],"custom_typography":[],"default_generic_fonts":"Sans-serif","page_title_selector":"h1.entry-title","hello_footer_copyright_text":"All rights reserved","activeItemIndex":1,"viewport_md":768,"viewport_lg":1025,"colors_enable_styleguide_preview":"yes","space_between_widgets":{"column":"0","row":"0","isLinked":true,"unit":"px","size":0},"default_page_template":"elementor_header_footer","container_padding":{"unit":"px","top":"0","right":"0","bottom":"0","left":"0","isLinked":true},"active_breakpoints":["viewport_mobile","viewport_tablet","viewport_laptop"]},"metadata":{"ekit_post_views_count":"3"}}