{"content":[{"id":"2faeb051","settings":[],"elements":[{"id":"1d2b8457","settings":{"content_width":"full","mf_input_label_status":"","mf_input_label":"Text","mf_input_name":"mf-text","mf_input_placeholder":"Full name","mf_input_validation_warning_message":"This field is required.","mf_input_padding":{"unit":"px","top":"0","right":"0","bottom":"18","left":"0","isLinked":false},"mf_input_color":"#FFFFFF","mf_input_background_background":"classic","mf_input_background_color":"#00000000","mf_input_border_border":"solid","mf_input_border_width":{"unit":"px","top":"0","right":"0","bottom":"1","left":"0","isLinked":false},"mf_input_border_color":"#7A7A7A","mf_input_color_hover":"#FFFFFF","mf_input_color_focus":"#FFFFFF","mf_input_typgraphy_typography":"custom","mf_input_typgraphy_font_family":"Manrope","mf_input_typgraphy_font_size":{"unit":"px","size":20,"sizes":[]},"mf_input_typgraphy_font_weight":"700","mf_input_typgraphy_line_height":{"unit":"px","size":30,"sizes":[]},"mf_input_typgraphy_line_height_tablet":{"unit":"px","size":26,"sizes":[]},"mf_input_typgraphy_line_height_mobile":{"unit":"px","size":"","sizes":[]},"mf_input_place_holder_typography_typography":"custom","mf_input_place_holder_typography_font_family":"Manrope","mf_input_place_holder_typography_font_size":{"unit":"px","size":20,"sizes":[]},"mf_input_place_holder_typography_font_weight":"500","mf_input_place_holder_typography_line_height":{"unit":"px","size":30,"sizes":[]},"mf_input_placeholder_color":"#CCCCCC","_margin":{"unit":"px","top":"0","right":"0","bottom":"40","left":"0","isLinked":false},"__globals__":{"mf_input_background_color":"globals\/colors?id=a95d202","mf_input_color":"globals\/colors?id=primary","mf_input_place_holder_typography_typography":"","mf_input_placeholder_color":"globals\/colors?id=3a9a0af","mf_input_color_hover":"globals\/colors?id=primary","mf_input_color_focus":"globals\/colors?id=primary","mf_input_typgraphy_typography":""},"mf_input_required":"","mf_input_border_focus_border":"solid","mf_input_border_focus_color":"#FF0000","mf_input_typgraphy_font_size_tablet":{"unit":"px","size":16,"sizes":[]},"mf_input_place_holder_typography_font_size_tablet":{"unit":"px","size":16,"sizes":[]}},"elements":[],"isInner":false,"widgetType":"mf-text","elType":"widget"},{"id":"5b7a07e","settings":{"content_width":"full","mf_input_label_status":"","mf_input_label":"Email","mf_input_name":"mf-email","mf_input_placeholder":"Email","mf_input_validation_warning_message":"This field is required.","mf_input_padding":{"unit":"px","top":"0","right":"0","bottom":"18","left":"0","isLinked":false},"mf_input_color":"#FFFFFF","mf_input_background_background":"classic","mf_input_background_color":"#00000000","mf_input_border_border":"solid","mf_input_border_width":{"unit":"px","top":"0","right":"0","bottom":"1","left":"0","isLinked":false},"mf_input_border_color":"#7A7A7A","mf_input_color_hover":"#FFFFFF","mf_input_color_focus":"#FFFFFF","mf_input_typgraphy_typography":"custom","mf_input_typgraphy_font_family":"Manrope","mf_input_typgraphy_font_size":{"unit":"px","size":20,"sizes":[]},"mf_input_typgraphy_font_weight":"700","mf_input_typgraphy_line_height":{"unit":"px","size":30,"sizes":[]},"mf_input_typgraphy_line_height_tablet":{"unit":"px","size":26,"sizes":[]},"mf_input_typgraphy_line_height_mobile":{"unit":"px","size":"","sizes":[]},"mf_input_place_holder_typography_typography":"custom","mf_input_place_holder_typography_font_family":"Manrope","mf_input_place_holder_typography_font_size":{"unit":"px","size":20,"sizes":[]},"mf_input_place_holder_typography_font_weight":"500","mf_input_place_holder_typography_line_height":{"unit":"px","size":30,"sizes":[]},"mf_input_placeholder_color":"#CCCCCC","_margin":{"unit":"px","top":"0","right":"0","bottom":"40","left":"0","isLinked":false},"__globals__":{"mf_input_background_color":"globals\/colors?id=a95d202","mf_input_color":"globals\/colors?id=primary","mf_input_place_holder_typography_typography":"","mf_input_placeholder_color":"globals\/colors?id=3a9a0af","mf_input_color_hover":"globals\/colors?id=primary","mf_input_color_focus":"globals\/colors?id=primary","mf_input_typgraphy_typography":"","mf_error_message_typography_typography":"","mf_input_border_focus_color":"globals\/colors?id=secondary"},"mf_input_border_focus_border":"solid","mf_error_message_typography_typography":"custom","mf_error_message_typography_font_family":"Manrope","mf_error_message_typography_font_size":{"unit":"px","size":15,"sizes":[]},"mf_error_message_typography_font_weight":"400","mf_error_message_typography_line_height":{"unit":"em","size":1.6,"sizes":[]},"mf_input_border_focus_color":"#FF0000","mf_input_typgraphy_font_size_tablet":{"unit":"px","size":16,"sizes":[]},"mf_input_place_holder_typography_font_size_tablet":{"unit":"px","size":16,"sizes":[]}},"elements":[],"isInner":false,"widgetType":"mf-email","elType":"widget"},{"id":"19095e5e","settings":{"content_width":"full","mf_input_label_status":"","mf_input_label":"Text","mf_input_name":"mf-text","mf_input_placeholder":"Subject","mf_input_validation_warning_message":"This field is required.","mf_input_padding":{"unit":"px","top":"0","right":"0","bottom":"18","left":"0","isLinked":false},"mf_input_color":"#FFFFFF","mf_input_background_background":"classic","mf_input_background_color":"#00000000","mf_input_border_border":"solid","mf_input_border_width":{"unit":"px","top":"0","right":"0","bottom":"1","left":"0","isLinked":false},"mf_input_border_color":"#7A7A7A","mf_input_color_hover":"#FFFFFF","mf_input_color_focus":"#FFFFFF","mf_input_typgraphy_typography":"custom","mf_input_typgraphy_font_family":"Manrope","mf_input_typgraphy_font_size":{"unit":"px","size":20,"sizes":[]},"mf_input_typgraphy_font_weight":"700","mf_input_typgraphy_line_height":{"unit":"px","size":30,"sizes":[]},"mf_input_typgraphy_line_height_tablet":{"unit":"px","size":26,"sizes":[]},"mf_input_typgraphy_line_height_mobile":{"unit":"px","size":"","sizes":[]},"mf_input_place_holder_typography_typography":"custom","mf_input_place_holder_typography_font_family":"Manrope","mf_input_place_holder_typography_font_size":{"unit":"px","size":20,"sizes":[]},"mf_input_place_holder_typography_font_weight":"500","mf_input_place_holder_typography_line_height":{"unit":"px","size":30,"sizes":[]},"mf_input_placeholder_color":"#CCCCCC","_margin":{"unit":"px","top":"0","right":"0","bottom":"40","left":"0","isLinked":false},"__globals__":{"mf_input_background_color":"globals\/colors?id=a95d202","mf_input_color":"globals\/colors?id=primary","mf_input_place_holder_typography_typography":"","mf_input_placeholder_color":"globals\/colors?id=3a9a0af","mf_input_color_hover":"globals\/colors?id=primary","mf_input_color_focus":"globals\/colors?id=primary","mf_input_typgraphy_typography":""},"mf_input_border_focus_border":"solid","mf_input_border_focus_color":"#FF0000","mf_input_typgraphy_font_size_tablet":{"unit":"px","size":16,"sizes":[]},"mf_input_place_holder_typography_font_size_tablet":{"unit":"px","size":16,"sizes":[]}},"elements":[],"isInner":false,"widgetType":"mf-text","elType":"widget"},{"id":"abd9b2c","settings":{"content_width":"full","mf_input_label_status":"","mf_input_label":"Textarea","mf_input_name":"mf-textarea","mf_input_placeholder":"Project Details","mf_input_validation_warning_message":"This field is required.","mf_input_padding":{"unit":"px","top":"0","right":"0","bottom":"18","left":"0","isLinked":false},"mf_input_color":"#FFFFFF","mf_input_background_background":"classic","mf_input_background_color":"#00000000","mf_input_border_border":"solid","mf_input_border_width":{"unit":"px","top":"0","right":"0","bottom":"1","left":"0","isLinked":false},"mf_input_border_color":"#7A7A7A","mf_input_color_hover":"#FFFFFF","mf_input_color_focus":"#FFFFFF","mf_input_typgraphy_typography":"custom","mf_input_typgraphy_font_family":"Manrope","mf_input_typgraphy_font_size":{"unit":"px","size":20,"sizes":[]},"mf_input_typgraphy_font_weight":"700","mf_input_typgraphy_line_height":{"unit":"px","size":30,"sizes":[]},"mf_input_typgraphy_line_height_tablet":{"unit":"px","size":26,"sizes":[]},"mf_input_typgraphy_line_height_mobile":{"unit":"px","size":"","sizes":[]},"mf_input_place_holder_typography_typography":"custom","mf_input_place_holder_typography_font_family":"Manrope","mf_input_place_holder_typography_font_size":{"unit":"px","size":20,"sizes":[]},"mf_input_place_holder_typography_font_weight":"500","mf_input_place_holder_typography_line_height":{"unit":"px","size":30,"sizes":[]},"mf_input_placeholder_color":"#CCCCCC","_margin":{"unit":"px","top":"0","right":"0","bottom":"40","left":"0","isLinked":false},"__globals__":{"mf_input_background_color":"globals\/colors?id=a95d202","mf_input_color":"globals\/colors?id=primary","mf_input_place_holder_typography_typography":"","mf_input_placeholder_color":"globals\/colors?id=3a9a0af","mf_input_color_hover":"globals\/colors?id=primary","mf_input_color_focus":"globals\/colors?id=primary","mf_input_typgraphy_typography":""},"mf_input_border_focus_border":"solid","mf_input_border_focus_color":"#FF0000","mf_input_typgraphy_font_size_tablet":{"unit":"px","size":16,"sizes":[]},"mf_input_place_holder_typography_font_size_tablet":{"unit":"px","size":16,"sizes":[]}},"elements":[],"isInner":false,"widgetType":"mf-textarea","elType":"widget"},{"id":"150efb3","settings":{"content_width":"full","mf_btn_text":"Send Inquiry","mf_btn_align":"left","mf_btn_icon":{"value":{"id":58,"url":"http:\/\/localhost\/wordpress\/wp-content\/uploads\/2025\/01\/icon-arrow-gd.svg"},"library":"svg"},"mf_btn_icon_align":"right","mf_hidden_input":[],"mf_btn_text_padding":{"unit":"px","top":"12","right":"42","bottom":"19","left":"42","isLinked":false},"mf_btn_typography_typography":"custom","mf_btn_typography_font_family":"Manrope","mf_btn_typography_font_size":{"unit":"px","size":22,"sizes":[]},"mf_btn_typography_font_weight":"500","mf_btn_typography_line_height":{"unit":"em","size":1,"sizes":[]},"mf_btn_border_radius":{"unit":"px","top":"100","right":"100","bottom":"100","left":"100","isLinked":true},"mf_btn_normal_icon_font_size":{"unit":"px","size":22,"sizes":[]},"mf_btn_normal_icon_padding":{"unit":"px","top":"0","right":"0","bottom":"0","left":"0","isLinked":false,"size":5},"mf_btn_normal_icon_vertical_align":{"unit":"px","size":6,"sizes":[]},"__globals__":{"mf_btn_typography_typography":""},"mf_btn_bg_color_background":"classic","mf_btn_bg_color_color":"#BB6FFB","mf_btn_bg_color_color_b":"#FFB054","mf_btn_bg_color_gradient_angle":{"unit":"deg","size":90,"sizes":[]},"mf_btn_typography_font_size_tablet":{"unit":"px","size":18,"sizes":[]}},"elements":[],"isInner":false,"widgetType":"mf-button","elType":"widget"}],"isInner":false,"elType":"container"}],"settings":{"template":"elementor_canvas","background_background":"classic","background_color":"#000000"},"metadata":{"metform_form__form_setting":"s:4806:\"a:137:{s:10:\"form_title\";s:12:\"Contact Form\";s:9:\"form_type\";s:12:\"general-form\";s:15:\"success_message\";s:39:\"Thank you! Form submitted successfully.\";s:12:\"quiz_summery\";s:0:\"\";s:13:\"store_entries\";s:1:\"1\";s:11:\"entry_title\";s:0:\"\";s:26:\"hide_form_after_submission\";s:0:\"\";s:11:\"redirect_to\";s:0:\"\";s:11:\"success_url\";s:0:\"\";s:17:\"failed_cancel_url\";s:0:\"\";s:13:\"require_login\";s:0:\"\";s:26:\"limit_total_entries_status\";s:0:\"\";s:19:\"limit_total_entries\";s:0:\"\";s:11:\"count_views\";s:0:\"\";s:26:\"mf_stop_vertical_scrolling\";s:0:\"\";s:19:\"multiple_submission\";s:0:\"\";s:16:\"enable_recaptcha\";s:0:\"\";s:25:\"capture_user_browser_data\";s:0:\"\";s:24:\"enable_user_notification\";s:0:\"\";s:18:\"user_email_subject\";s:0:\"\";s:15:\"user_email_from\";s:0:\"\";s:19:\"user_email_reply_to\";s:0:\"\";s:15:\"user_email_body\";s:0:\"\";s:33:\"user_email_attach_submission_copy\";s:0:\"\";s:25:\"enable_admin_notification\";s:0:\"\";s:19:\"admin_email_subject\";s:0:\"\";s:16:\"admin_email_from\";s:0:\"\";s:14:\"admin_email_to\";s:0:\"\";s:20:\"admin_email_reply_to\";s:0:\"\";s:16:\"admin_email_body\";s:0:\"\";s:34:\"admin_email_attach_submission_copy\";s:0:\"\";s:13:\"mf_mail_chimp\";s:0:\"\";s:15:\"mf_get_response\";s:0:\"\";s:22:\"mf_get_reponse_api_key\";s:0:\"\";s:23:\"mf_get_response_list_id\";s:0:\"\";s:11:\"mf_automizy\";s:0:\"\";s:21:\"mf_automizy_api_token\";s:0:\"\";s:19:\"mf_automizy_list_id\";s:0:\"\";s:11:\"mf_rest_api\";s:0:\"\";s:15:\"mf_rest_api_url\";s:0:\"\";s:18:\"mf_rest_api_method\";s:0:\"\";s:20:\"mf_mailchimp_api_key\";s:0:\"\";s:26:\"mf_active_campaign_api_key\";s:0:\"\";s:22:\"mf_active_campaign_url\";s:0:\"\";s:20:\"mf_mailchimp_list_id\";s:0:\"\";s:9:\"mf_zapier\";s:0:\"\";s:17:\"mf_zapier_webhook\";s:0:\"\";s:8:\"mf_slack\";s:0:\"\";s:16:\"mf_slack_webhook\";s:0:\"\";s:9:\"mf_fluent\";s:0:\"\";s:17:\"mf_fluent_webhook\";s:0:\"\";s:17:\"mf_thank_you_page\";s:0:\"\";s:14:\"mf_cancel_page\";s:0:\"\";s:9:\"mf_paypal\";s:0:\"\";s:19:\"mf_payment_currency\";s:0:\"\";s:15:\"mf_paypal_email\";s:0:\"\";s:15:\"mf_paypal_token\";s:0:\"\";s:17:\"mf_paypal_sandbox\";s:0:\"\";s:9:\"mf_stripe\";s:0:\"\";s:19:\"mf_stripe_image_url\";s:0:\"\";s:31:\"mf_stripe_live_publishiable_key\";s:0:\"\";s:25:\"mf_stripe_live_secret_key\";s:0:\"\";s:17:\"mf_stripe_sandbox\";s:0:\"\";s:31:\"mf_stripe_test_publishiable_key\";s:0:\"\";s:25:\"mf_stripe_test_secret_key\";s:0:\"\";s:21:\"mf_google_map_api_key\";s:0:\"\";s:16:\"mf_save_progress\";s:0:\"\";s:18:\"mf_field_name_show\";s:0:\"\";s:12:\"mf_recaptcha\";s:0:\"\";s:20:\"mf_recaptcha_version\";s:0:\"\";s:21:\"mf_recaptcha_site_key\";s:0:\"\";s:23:\"mf_recaptcha_secret_key\";s:0:\"\";s:24:\"mf_recaptcha_site_key_v3\";s:0:\"\";s:26:\"mf_recaptcha_secret_key_v3\";s:0:\"\";s:14:\"mf_convert_kit\";s:0:\"\";s:15:\"mf_ckit_list_id\";s:0:\"\";s:15:\"mf_ckit_api_key\";s:0:\"\";s:15:\"mf_ckit_sec_key\";s:0:\"\";s:21:\"mf_aweber_dev_api_key\";s:0:\"\";s:21:\"mf_aweber_dev_api_sec\";s:0:\"\";s:14:\"mf_mail_aweber\";s:0:\"\";s:17:\"mf_aweber_list_id\";s:0:\"\";s:18:\"mf_active_campaign\";s:0:\"\";s:26:\"mf_active_campaign_list_id\";s:0:\"\";s:25:\"mf_active_campaign_tag_id\";s:0:\"\";s:12:\"mf_mail_poet\";s:0:\"\";s:20:\"mf_mail_poet_list_id\";s:0:\"\";s:10:\"mf_hubspot\";s:0:\"\";s:16:\"mf_hubspot_forms\";s:0:\"\";s:16:\"mf_hubsopt_token\";s:0:\"\";s:24:\"mf_hubsopt_refresh_token\";s:0:\"\";s:21:\"mf_hubsopt_token_type\";s:0:\"\";s:21:\"mf_hubsopt_expires_in\";s:0:\"\";s:20:\"mf_hubspot_form_guid\";s:0:\"\";s:24:\"mf_hubspot_form_portalId\";s:0:\"\";s:7:\"mf_zoho\";s:0:\"\";s:13:\"mf_zoho_token\";s:0:\"\";s:15:\"mf_registration\";s:0:\"\";s:8:\"mf_login\";s:0:\"\";s:15:\"mf_form_to_post\";s:0:\"\";s:11:\"mf_mailster\";s:0:\"\";s:19:\"mf_mailster_list_id\";s:0:\"\";s:18:\"mf_mailster_fields\";s:0:\"\";s:28:\"mf_post_submission_post_type\";s:0:\"\";s:24:\"mf_post_submission_title\";s:0:\"\";s:26:\"mf_post_submission_content\";s:0:\"\";s:25:\"mf_post_submission_author\";s:0:\"\";s:33:\"mf_post_submission_featured_image\";s:0:\"\";s:12:\"mf_helpscout\";s:0:\"\";s:19:\"mf_helpscout_app_id\";s:0:\"\";s:23:\"mf_helpscout_app_secret\";s:0:\"\";s:18:\"mf_helpscout_token\";s:0:\"\";s:20:\"mf_helpscout_mailbox\";s:0:\"\";s:33:\"mf_helpscout_conversation_subject\";s:0:\"\";s:40:\"mf_helpscout_conversation_customer_email\";s:0:\"\";s:45:\"mf_helpscout_conversation_customer_first_name\";s:0:\"\";s:44:\"mf_helpscout_conversation_customer_last_name\";s:0:\"\";s:42:\"mf_helpscout_conversation_customer_message\";s:0:\"\";s:15:\"mf_google_sheet\";s:0:\"\";s:30:\"mf_google_spreadsheets_list_id\";s:0:\"\";s:24:\"mf_google_sheets_list_id\";s:0:\"\";s:25:\"mf_google_sheet_client_id\";s:0:\"\";s:29:\"mf_google_sheet_client_secret\";s:0:\"\";s:25:\"email_verification_enable\";s:0:\"\";s:32:\"email_verification_email_subject\";s:0:\"\";s:35:\"email_verification_confirm_redirect\";s:0:\"\";s:26:\"email_verification_heading\";s:0:\"\";s:28:\"email_verification_paragraph\";s:0:\"\";s:13:\"mf_sms_status\";s:0:\"\";s:11:\"mf_sms_from\";s:0:\"\";s:25:\"mf_sms_twilio_account_sid\";s:0:\"\";s:24:\"mf_sms_twilio_auth_token\";s:0:\"\";s:18:\"mf_sms_user_status\";s:0:\"\";s:16:\"mf_sms_user_body\";s:0:\"\";s:19:\"mf_sms_admin_status\";s:0:\"\";s:17:\"mf_sms_admin_body\";s:0:\"\";s:15:\"mf_sms_admin_to\";s:0:\"\";}\";","ekit_post_views_count":"8"}}