{"content":[{"id":"7f5aaeb4","settings":{"flex_direction":"column","_title":"shape"},"elements":[{"id":"1ce7734b","settings":{"content_width":"full","space":{"unit":"px","size":545,"sizes":[]},"_element_width":"initial","_element_custom_width":{"unit":"px","size":545,"sizes":[]},"_position":"absolute","_offset_orientation_h":"end","_offset_x_end":{"unit":"px","size":-40,"sizes":[]},"_offset_y":{"unit":"px","size":-170,"sizes":[]},"_css_classes":"shape-bg","_background_background":"gradient","_background_color":"#AF6DE626","_background_color_b":"#FFFFFF00","_background_color_b_stop":{"unit":"%","size":70,"sizes":[]},"_background_gradient_type":"radial","_border_radius":{"unit":"%","top":"100","right":"100","bottom":"100","left":"100","isLinked":true},"_border_radius_tablet":{"unit":"%","top":"","right":"","bottom":"","left":"","isLinked":true},"_border_radius_mobile":{"unit":"%","top":"","right":"","bottom":"","left":"","isLinked":true},"_z_index":-1},"elements":[],"isInner":false,"widgetType":"spacer","elType":"widget"},{"id":"4c800306","settings":{"content_width":"full","space":{"unit":"px","size":545,"sizes":[]},"_element_width":"initial","_element_custom_width":{"unit":"px","size":545,"sizes":[]},"_position":"absolute","_offset_x":{"unit":"px","size":-180,"sizes":[]},"_offset_x_end":{"unit":"px","size":-40,"sizes":[]},"_offset_y":{"unit":"px","size":153,"sizes":[]},"_css_classes":"shape-bg","_background_background":"gradient","_background_color":"#AF6DE626","_background_color_b":"#FFFFFF00","_background_color_b_stop":{"unit":"%","size":70,"sizes":[]},"_background_gradient_type":"radial","_border_radius":{"unit":"%","top":"100","right":"100","bottom":"100","left":"100","isLinked":true},"_border_radius_tablet":{"unit":"%","top":"","right":"","bottom":"","left":"","isLinked":true},"_border_radius_mobile":{"unit":"%","top":"","right":"","bottom":"","left":"","isLinked":true},"_z_index":-1},"elements":[],"isInner":false,"widgetType":"spacer","elType":"widget"}],"isInner":false,"elType":"container"},{"id":"28d796f0","settings":{"flex_direction":"row","flex_gap":{"unit":"px","size":0,"column":"0","row":"0","isLinked":true},"flex_justify_content":"space-between","padding":{"unit":"px","top":"280","right":"30","bottom":"255","left":"30","isLinked":false},"flex_wrap":"wrap","background_background":"classic","background_image":{"id":30,"url":"http:\/\/localhost\/wordpress\/wp-content\/uploads\/2025\/01\/Bg-patton.png"},"padding_tablet":{"unit":"px","top":"200","right":"30","bottom":"120","left":"30","isLinked":false},"padding_mobile":{"unit":"px","top":"160","right":"20","bottom":"100","left":"20","isLinked":false}},"elements":[{"id":"25950e09","settings":{"flex_direction":"column","content_width":"full","width":{"unit":"px","size":477},"width_tablet":{"unit":"%","size":100,"sizes":[]},"width_mobile":{"unit":"%","size":"","sizes":[]}},"elements":[{"id":"3abde8b","settings":{"content_width":"full","title":"Hi! \ud83d\udc4b","typography_typography":"custom","typography_font_family":"Manrope","typography_font_weight":"700","__globals__":{"typography_typography":""},"typography_font_size":{"unit":"px","size":64,"sizes":[]},"typography_line_height":{"unit":"em","size":1.3,"sizes":[]},"typography_font_size_tablet":{"unit":"px","size":54,"sizes":[]},"typography_font_size_mobile":{"unit":"px","size":44,"sizes":[]}},"elements":[],"isInner":false,"widgetType":"heading","elType":"widget"},{"id":"fd1418a","settings":{"content_width":"full","title":"<span class=\"text-bg font-shadow\">Aruveer Kaur Brar <\/span> ","typography_typography":"custom","typography_font_family":"Manrope","typography_font_size":{"unit":"px","size":64,"sizes":[]},"typography_font_weight":"700","__globals__":{"typography_typography":""},"typography_font_size_tablet":{"unit":"px","size":54,"sizes":[]},"typography_font_size_mobile":{"unit":"px","size":44,"sizes":[]}},"elements":[],"isInner":false,"widgetType":"heading","elType":"widget"},{"id":"d6ce14a","settings":{"content_width":"full","space":{"unit":"px","size":24,"sizes":[]}},"elements":[],"isInner":false,"widgetType":"spacer","elType":"widget"},{"id":"63578f39","settings":{"content_width":"full","title":"Professional","header_size":"h4","typography_typography":"custom","typography_font_family":"Anek Bangla","typography_font_size":{"unit":"px","size":15,"sizes":[]},"typography_font_weight":"400","typography_line_height":{"unit":"em","size":1.5,"sizes":[]},"_margin":{"unit":"px","top":"0","right":"0","bottom":"-14","left":"150","isLinked":false},"_padding":{"unit":"px","top":"0","right":"0","bottom":"0","left":"0","isLinked":false}},"elements":[],"isInner":false,"widgetType":"heading","elType":"widget"},{"id":"99e13f","settings":{"content_width":"full","flex_direction":"row","flex_justify_content":"space-between","flex_align_items":"center","flex_gap":{"column":"20","row":"0","isLinked":false,"unit":"px","size":20},"flex_justify_content_tablet":"flex-start","flex_align_items_tablet":"center","flex_gap_mobile":{"column":"15","row":"5","isLinked":false,"unit":"px","size":15}},"elements":[{"id":"97a581b","settings":{"content_width":"full","image":{"id":45,"url":"http:\/\/localhost\/wordpress\/wp-content\/uploads\/2025\/01\/border-star.png"},"align":"left"},"elements":[],"isInner":false,"widgetType":"image","elType":"widget"},{"id":"3bc46540","settings":{"content_width":"full","title":"Software Developer","typography_typography":"custom","typography_font_family":"Anek Bangla","typography_font_size":{"unit":"px","size":32,"sizes":[]},"typography_font_weight":"600","typography_line_height":{"unit":"em","size":1.2,"sizes":[]},"_css_classes":"text-bg","typography_font_size_tablet":{"unit":"px","size":28,"sizes":[]},"typography_font_size_mobile":{"unit":"px","size":26,"sizes":[]}},"elements":[],"isInner":false,"widgetType":"heading","elType":"widget"}],"isInner":true,"elType":"container"},{"id":"76a6a160","settings":{"content_width":"full","space":{"unit":"px","size":28,"sizes":[]}},"elements":[],"isInner":false,"widgetType":"spacer","elType":"widget"},{"id":"4853c5e0","settings":{"content_width":"full","editor":"<p>Welcome to my portfolio! I am passionate about designing and building visually appealing, functional, and user-friendly websites. With a strong focus on WordPress, I specialize in creating dynamic and responsive websites that cater to a variety of needs, from business portfolios to e-commerce platforms<\/p>","typography_typography":"custom","typography_font_family":"Manrope","typography_font_size":{"unit":"px","size":17,"sizes":[]},"typography_font_weight":"400","typography_line_height":{"unit":"em","size":1.7,"sizes":[]},"__globals__":{"text_color":"globals\/colors?id=3a9a0af"},"typography_font_size_tablet":{"unit":"px","size":16,"sizes":[]},"typography_font_size_mobile":{"unit":"px","size":14,"sizes":[]}},"elements":[],"isInner":false,"widgetType":"text-editor","elType":"widget"},{"id":"639f154","settings":{"content_width":"full","space":{"unit":"px","size":56,"sizes":[]},"space_tablet":{"unit":"px","size":40,"sizes":[]}},"elements":[],"isInner":false,"widgetType":"spacer","elType":"widget"},{"id":"51805a01","settings":{"content_width":"full","flex_direction":"row","flex_gap":{"column":"32","row":"32","isLinked":true,"unit":"px","size":32},"flex_gap_mobile":{"column":"20","row":"20","isLinked":true,"unit":"px","size":20}},"elements":[{"id":"4a5bac","settings":{"content_width":"full","text":"View my work","typography_typography":"custom","typography_font_family":"Anek Bangla","typography_font_size":{"unit":"px","size":22,"sizes":[]},"typography_font_weight":"500","typography_line_height":{"unit":"em","size":1,"sizes":[]},"button_background_hover_background":"gradient","button_background_hover_color":"#BB6FFB42","button_background_hover_color_b":"#FFB05469","button_background_hover_gradient_angle":{"unit":"deg","size":90,"sizes":[]},"border_width":{"unit":"px","top":"0","right":"0","bottom":"0","left":"0","isLinked":true},"border_radius":{"unit":"px","top":"100","right":"100","bottom":"100","left":"100","isLinked":true},"text_padding":{"unit":"px","top":"17","right":"40","bottom":"17","left":"40","isLinked":false},"_css_classes":"btn-black","_border_radius":{"unit":"%","top":"","right":"","bottom":"","left":"","isLinked":true},"_border_radius_tablet":{"unit":"%","top":"","right":"","bottom":"","left":"","isLinked":true},"_border_radius_mobile":{"unit":"%","top":"","right":"","bottom":"","left":"","isLinked":true},"__globals__":{"border_color":"globals\/colors?id=primary","button_background_hover_color":"","button_background_hover_color_b":""},"typography_line_height_tablet":{"unit":"rem","size":"","sizes":[]},"typography_line_height_mobile":{"unit":"rem","size":"","sizes":[]},"link":{"url":"https:\/\/github.com\/000936959aru","is_external":"","nofollow":"","custom_attributes":""}},"elements":[],"isInner":false,"widgetType":"button","elType":"widget"}],"isInner":true,"elType":"container"}],"isInner":true,"elType":"container"},{"id":"56761df6","settings":{"content_width":"full","image":{"id":52,"url":"http:\/\/localhost\/wordpress\/wp-content\/uploads\/2025\/01\/4-shape.png"},"_position":"absolute","_offset_orientation_h":"end","_offset_x_end":{"unit":"px","size":50,"sizes":[]},"_offset_y":{"unit":"px","size":96,"sizes":[]},"width_tablet":{"unit":"px","size":50,"sizes":[]},"width_mobile":{"unit":"px","size":"","sizes":[]},"_offset_x_end_mobile":{"unit":"px","size":-10,"sizes":[]}},"elements":[],"isInner":false,"widgetType":"image","elType":"widget"},{"id":"439332ff","settings":{"flex_direction":"column","content_width":"full","width":{"unit":"px","size":350},"width_tablet":{"unit":"%","size":"","sizes":[]},"width_mobile":{"unit":"px","size":350,"sizes":[]},"margin_tablet":{"unit":"px","top":"50","right":"0","bottom":"0","left":"0","isLinked":false},"min_height":{"unit":"px","size":0,"sizes":[]}},"elements":[{"id":"52f94fac","settings":{"content_width":"full","image":{"id":112,"url":"http:\/\/localhost\/wordpress\/wp-content\/uploads\/2025\/01\/aru.jpg","alt":"","source":"library","size":""},"_margin":{"unit":"px","top":"-90","right":"0","bottom":"0","left":"0","isLinked":false},"_margin_tablet":{"unit":"px","top":"0","right":"0","bottom":"0","left":"0","isLinked":false}},"elements":[],"isInner":false,"widgetType":"image","elType":"widget"},{"id":"683d198a","settings":{"content_width":"full","image":{"id":48,"url":"http:\/\/localhost\/wordpress\/wp-content\/uploads\/2025\/01\/4.png"},"_position":"absolute","_offset_orientation_h":"end","_offset_x_end":{"unit":"px","size":-20,"sizes":[]},"_offset_y":{"unit":"px","size":-20,"sizes":[]},"image_size":"full"},"elements":[],"isInner":false,"widgetType":"image","elType":"widget"},{"id":"1f335ae2","settings":{"content_width":"full","image":{"id":49,"url":"http:\/\/localhost\/wordpress\/wp-content\/uploads\/2025\/01\/Group-2.png"},"width":{"unit":"px","size":152,"sizes":[]},"width_tablet":{"unit":"px","size":"","sizes":[]},"width_mobile":{"unit":"px","size":"","sizes":[]},"_position":"absolute","_offset_orientation_h":"end","_offset_orientation_v":"end","_offset_y_end":{"unit":"px","size":15,"sizes":[]},"_z_index":-1},"elements":[],"isInner":false,"widgetType":"image","elType":"widget"},{"id":"c7c690b","settings":{"content_width":"full","image":{"id":50,"url":"http:\/\/localhost\/wordpress\/wp-content\/uploads\/2025\/01\/Group.png"},"_position":"absolute","_offset_y":{"unit":"px","size":-28,"sizes":[]},"_z_index":-1,"_offset_y_tablet":{"unit":"px","size":31,"sizes":[]}},"elements":[],"isInner":false,"widgetType":"image","elType":"widget"},{"id":"3f8cb935","settings":{"content_width":"full","image":{"id":48,"url":"http:\/\/localhost\/wordpress\/wp-content\/uploads\/2025\/01\/4.png"},"_position":"absolute","_offset_x":{"unit":"px","size":20,"sizes":[]},"_offset_orientation_v":"end","_offset_y_end":{"unit":"px","size":-25,"sizes":[]},"_offset_x_tablet":{"unit":"px","size":5,"sizes":[]},"_offset_y_end_tablet":{"unit":"px","size":9,"sizes":[]}},"elements":[],"isInner":false,"widgetType":"image","elType":"widget"},{"id":"38c5dd76","settings":{"content_width":"full","image":{"id":51,"url":"http:\/\/localhost\/wordpress\/wp-content\/uploads\/2025\/01\/Vector-119.png"},"width":{"unit":"%","size":90,"sizes":[]},"height_tablet":{"unit":"%","size":"","sizes":[]},"height_mobile":{"unit":"%","size":"","sizes":[]},"_position":"absolute","_offset_x":{"unit":"px","size":30,"sizes":[]},"_offset_y":{"unit":"px","size":9,"sizes":[]},"_z_index":-1,"width_tablet":{"unit":"%","size":100,"sizes":[]}},"elements":[],"isInner":false,"widgetType":"image","elType":"widget"}],"isInner":true,"elType":"container"},{"id":"160b2109","settings":{"content_width":"full","image":{"id":53,"url":"http:\/\/localhost\/wordpress\/wp-content\/uploads\/2025\/01\/carton-1.png"},"_position":"absolute","_offset_x":{"unit":"px","size":100,"sizes":[]},"_offset_orientation_v":"end","_offset_y_end":{"unit":"px","size":15,"sizes":[]},"_z_index":-1,"width_mobile":{"unit":"px","size":100,"sizes":[]},"_offset_y_end_mobile":{"unit":"px","size":0,"sizes":[]}},"elements":[],"isInner":false,"widgetType":"image","elType":"widget"},{"id":"718fd342","settings":{"content_width":"full","image":{"id":54,"url":"http:\/\/localhost\/wordpress\/wp-content\/uploads\/2025\/01\/squre.png"},"_position":"absolute","_offset_x":{"unit":"px","size":-250,"sizes":[]},"_offset_orientation_v":"end","_offset_y_end":{"unit":"px","size":-74,"sizes":[]},"_z_index":-1},"elements":[],"isInner":false,"widgetType":"image","elType":"widget"}],"isInner":false,"elType":"container"},{"id":"7ba006d3","settings":{"flex_direction":"column","content_width":"full","width":{"unit":"px","size":"","sizes":[]},"min_height":{"unit":"px","size":104,"sizes":[]},"flex_justify_content":"center","_transform_rotate_popover":"transform","_transform_rotateZ_effect":{"unit":"px","size":8,"sizes":[]},"__globals__":{"background_color":"globals\/colors?id=primary"}},"elements":[{"id":"2b5a3ace","settings":{"view":"inline","icon_list":[{"text":"Web Design","selected_icon":{"value":{"id":55,"url":"http:\/\/localhost\/wordpress\/wp-content\/uploads\/2025\/01\/Star-10.svg"},"library":"svg"},"_id":"598bceb"},{"text":"Development","selected_icon":{"value":{"id":55,"url":"http:\/\/localhost\/wordpress\/wp-content\/uploads\/2025\/01\/Star-10.svg"},"library":"svg"},"_id":"a8a622c"},{"text":"Discover","selected_icon":{"value":{"id":55,"url":"http:\/\/localhost\/wordpress\/wp-content\/uploads\/2025\/01\/Star-10.svg"},"library":"svg"},"_id":"f5b538a"},{"text":"Web Design","selected_icon":{"value":{"id":55,"url":"http:\/\/localhost\/wordpress\/wp-content\/uploads\/2025\/01\/Star-10.svg"},"library":"svg"},"_id":"2b99cba"},{"text":"Development","selected_icon":{"value":{"id":55,"url":"http:\/\/localhost\/wordpress\/wp-content\/uploads\/2025\/01\/Star-10.svg"},"library":"svg"},"_id":"9a55e48"},{"text":"Discover","selected_icon":{"value":{"id":55,"url":"http:\/\/localhost\/wordpress\/wp-content\/uploads\/2025\/01\/Star-10.svg"},"library":"svg"},"_id":"9142524"},{"text":"Web Design","selected_icon":{"value":{"id":55,"url":"http:\/\/localhost\/wordpress\/wp-content\/uploads\/2025\/01\/Star-10.svg"},"library":"svg"},"_id":"cc8e7d8"},{"text":"Development","selected_icon":{"value":{"id":55,"url":"http:\/\/localhost\/wordpress\/wp-content\/uploads\/2025\/01\/Star-10.svg"},"library":"svg"},"_id":"c818632"},{"text":"Discover","selected_icon":{"value":{"id":55,"url":"http:\/\/localhost\/wordpress\/wp-content\/uploads\/2025\/01\/Star-10.svg"},"library":"svg"},"_id":"8678cb0"},{"text":"Web Design","selected_icon":{"value":{"id":55,"url":"http:\/\/localhost\/wordpress\/wp-content\/uploads\/2025\/01\/Star-10.svg"},"library":"svg"},"_id":"84172d7"},{"text":"Development","selected_icon":{"value":{"id":55,"url":"http:\/\/localhost\/wordpress\/wp-content\/uploads\/2025\/01\/Star-10.svg"},"library":"svg"},"_id":"ba1d339"},{"text":"Discover","selected_icon":{"value":{"id":55,"url":"http:\/\/localhost\/wordpress\/wp-content\/uploads\/2025\/01\/Star-10.svg"},"library":"svg"},"_id":"239c183"}],"link_click":"inline","space_between":{"unit":"px","size":50,"sizes":[]},"icon_size":{"unit":"px","size":48,"sizes":[]},"text_indent":{"unit":"px","size":35,"sizes":[]},"icon_typography_typography":"custom","icon_typography_font_family":"Anek Bangla","icon_typography_font_size":{"unit":"px","size":36,"sizes":[]},"icon_typography_font_weight":"600","icon_typography_line_height":{"unit":"em","size":1.5,"sizes":[]},"text_color":"#181715","_padding":{"unit":"px","top":"23","right":"0","bottom":"23","left":"0","isLinked":false},"_css_classes":"marquee-content","_background_background":"classic","__globals__":{"icon_typography_typography":"","text_color":"","_background_color":"globals\/colors?id=primary"},"icon_size_tablet":{"unit":"px","size":38,"sizes":[]},"icon_size_mobile":{"unit":"px","size":34,"sizes":[]},"icon_typography_font_size_tablet":{"unit":"px","size":28,"sizes":[]},"icon_typography_font_size_mobile":{"unit":"px","size":26,"sizes":[]}},"elements":[],"isInner":false,"widgetType":"icon-list","elType":"widget"}],"isInner":false,"elType":"container"},{"id":"41eb5b88","settings":{"flex_direction":"column","content_width":"full","min_height":{"unit":"px","size":104,"sizes":[]},"flex_justify_content":"center","margin":{"unit":"px","top":"-104","right":"0","bottom":"0","left":"0","isLinked":false},"_transform_rotate_popover":"transform","_transform_rotateZ_effect":{"unit":"px","size":-8,"sizes":[]},"__globals__":{"background_color":"globals\/colors?id=primary"}},"elements":[{"id":"1ad9332f","settings":{"view":"inline","icon_list":[{"text":"Web Design","selected_icon":{"value":{"id":55,"url":"http:\/\/localhost\/wordpress\/wp-content\/uploads\/2025\/01\/Star-10.svg"},"library":"svg"},"_id":"598bceb"},{"text":"Development","selected_icon":{"value":{"id":55,"url":"http:\/\/localhost\/wordpress\/wp-content\/uploads\/2025\/01\/Star-10.svg"},"library":"svg"},"_id":"a8a622c"},{"text":"Discover","selected_icon":{"value":{"id":55,"url":"http:\/\/localhost\/wordpress\/wp-content\/uploads\/2025\/01\/Star-10.svg"},"library":"svg"},"_id":"f5b538a"},{"text":"Web Design","selected_icon":{"value":{"id":55,"url":"http:\/\/localhost\/wordpress\/wp-content\/uploads\/2025\/01\/Star-10.svg"},"library":"svg"},"_id":"2b99cba"},{"text":"Development","selected_icon":{"value":{"id":55,"url":"http:\/\/localhost\/wordpress\/wp-content\/uploads\/2025\/01\/Star-10.svg"},"library":"svg"},"_id":"9a55e48"},{"text":"Discover","selected_icon":{"value":{"id":55,"url":"http:\/\/localhost\/wordpress\/wp-content\/uploads\/2025\/01\/Star-10.svg"},"library":"svg"},"_id":"9142524"},{"text":"Web Design","selected_icon":{"value":{"id":55,"url":"http:\/\/localhost\/wordpress\/wp-content\/uploads\/2025\/01\/Star-10.svg"},"library":"svg"},"_id":"cc8e7d8"},{"text":"Development","selected_icon":{"value":{"id":55,"url":"http:\/\/localhost\/wordpress\/wp-content\/uploads\/2025\/01\/Star-10.svg"},"library":"svg"},"_id":"c818632"},{"text":"Discover","selected_icon":{"value":{"id":55,"url":"http:\/\/localhost\/wordpress\/wp-content\/uploads\/2025\/01\/Star-10.svg"},"library":"svg"},"_id":"8678cb0"},{"text":"Web Design","selected_icon":{"value":{"id":55,"url":"http:\/\/localhost\/wordpress\/wp-content\/uploads\/2025\/01\/Star-10.svg"},"library":"svg"},"_id":"84172d7"},{"text":"Development","selected_icon":{"value":{"id":55,"url":"http:\/\/localhost\/wordpress\/wp-content\/uploads\/2025\/01\/Star-10.svg"},"library":"svg"},"_id":"ba1d339"},{"text":"Discover","selected_icon":{"value":{"id":55,"url":"http:\/\/localhost\/wordpress\/wp-content\/uploads\/2025\/01\/Star-10.svg"},"library":"svg"},"_id":"239c183"},{"text":"Web Design","selected_icon":{"value":{"id":55,"url":"http:\/\/localhost\/wordpress\/wp-content\/uploads\/2025\/01\/Star-10.svg"},"library":"svg"},"_id":"3b9d26d"},{"text":"Development","selected_icon":{"value":{"id":55,"url":"http:\/\/localhost\/wordpress\/wp-content\/uploads\/2025\/01\/Star-10.svg"},"library":"svg"},"_id":"0a80c5e"},{"text":"Discover","selected_icon":{"value":{"id":55,"url":"http:\/\/localhost\/wordpress\/wp-content\/uploads\/2025\/01\/Star-10.svg"},"library":"svg"},"_id":"154f464"}],"link_click":"inline","space_between":{"unit":"px","size":50,"sizes":[]},"icon_size":{"unit":"px","size":48,"sizes":[]},"text_indent":{"unit":"px","size":35,"sizes":[]},"icon_typography_typography":"custom","icon_typography_font_family":"Anek Bangla","icon_typography_font_size":{"unit":"px","size":36,"sizes":[]},"icon_typography_font_weight":"600","icon_typography_line_height":{"unit":"em","size":1.5,"sizes":[]},"text_color":"#181715","_margin":{"unit":"px","top":"0","right":"0","bottom":"0","left":"-3000","isLinked":false},"_padding":{"unit":"px","top":"23","right":"0","bottom":"23","left":"0","isLinked":false},"_css_classes":"marquee-content marquee-right","__globals__":{"icon_typography_typography":"","text_color":"","_background_color":"globals\/colors?id=primary"},"_background_background":"classic","icon_size_tablet":{"unit":"px","size":38,"sizes":[]},"icon_size_mobile":{"unit":"px","size":34,"sizes":[]},"icon_typography_font_size_tablet":{"unit":"px","size":28,"sizes":[]},"icon_typography_font_size_mobile":{"unit":"px","size":26,"sizes":[]}},"elements":[],"isInner":false,"widgetType":"icon-list","elType":"widget"}],"isInner":false,"elType":"container"},{"id":"74f7e6b8","settings":{"flex_direction":"column","_title":"shape"},"elements":[{"id":"272b1070","settings":{"content_width":"full","space":{"unit":"px","size":545,"sizes":[]},"_element_width":"initial","_element_custom_width":{"unit":"px","size":545,"sizes":[]},"_position":"absolute","_offset_orientation_h":"end","_offset_x_end":{"unit":"px","size":-40,"sizes":[]},"_offset_y":{"unit":"px","size":-25,"sizes":[]},"_css_classes":"shape-bg","_background_background":"gradient","_background_color":"#AF6DE626","_background_color_b":"#FFFFFF00","_background_color_b_stop":{"unit":"%","size":70,"sizes":[]},"_background_gradient_type":"radial","_border_radius":{"unit":"%","top":"100","right":"100","bottom":"100","left":"100","isLinked":true},"_border_radius_tablet":{"unit":"%","top":"","right":"","bottom":"","left":"","isLinked":true},"_border_radius_mobile":{"unit":"%","top":"","right":"","bottom":"","left":"","isLinked":true},"_z_index":-1},"elements":[],"isInner":false,"widgetType":"spacer","elType":"widget"},{"id":"6bf427c0","settings":{"content_width":"full","space":{"unit":"px","size":545,"sizes":[]},"_element_width":"initial","_element_custom_width":{"unit":"px","size":545,"sizes":[]},"_position":"absolute","_offset_x":{"unit":"px","size":-180,"sizes":[]},"_offset_x_end":{"unit":"px","size":-40,"sizes":[]},"_offset_y":{"unit":"px","size":365,"sizes":[]},"_css_classes":"shape-bg","_background_background":"gradient","_background_color":"#AF6DE626","_background_color_b":"#FFFFFF00","_background_color_b_stop":{"unit":"%","size":70,"sizes":[]},"_background_gradient_type":"radial","_border_radius":{"unit":"%","top":"100","right":"100","bottom":"100","left":"100","isLinked":true},"_border_radius_tablet":{"unit":"%","top":"","right":"","bottom":"","left":"","isLinked":true},"_border_radius_mobile":{"unit":"%","top":"","right":"","bottom":"","left":"","isLinked":true},"_offset_y_end":{"unit":"px","size":-947,"sizes":[]},"_z_index":-1},"elements":[],"isInner":false,"widgetType":"spacer","elType":"widget"}],"isInner":false,"elType":"container"},{"id":"1749d3c3","settings":{"flex_direction":"row","flex_gap":{"unit":"px","size":0,"column":"0","row":"0","isLinked":true},"padding":{"unit":"px","top":"157","right":"30","bottom":"180","left":"30","isLinked":false},"flex_wrap_tablet":"wrap","padding_tablet":{"unit":"px","top":"120","right":"30","bottom":"120","left":"30","isLinked":false},"padding_mobile":{"unit":"px","top":"75","right":"20","bottom":"75","left":"20","isLinked":false}},"elements":[{"id":"30467917","settings":{"flex_direction":"column","content_width":"full","width":{"unit":"%","size":54},"width_tablet":{"unit":"%","size":100,"sizes":[]},"width_mobile":{"unit":"%","size":"","sizes":[]},"flex_justify_content":"center"},"elements":[{"id":"6e8b6886","settings":{"content_width":"full","image":{"id":112,"url":"http:\/\/localhost\/wordpress\/wp-content\/uploads\/2025\/01\/aru.jpg","alt":"","source":"library","size":""},"align":"left","width":{"unit":"px","size":440,"sizes":[]},"width_tablet":{"unit":"px","size":"","sizes":[]},"width_mobile":{"unit":"px","size":"","sizes":[]}},"elements":[],"isInner":false,"widgetType":"image","elType":"widget"},{"id":"322650e2","settings":{"content_width":"full","image":{"id":49,"url":"http:\/\/localhost\/wordpress\/wp-content\/uploads\/2025\/01\/Group-2.png"},"width":{"unit":"px","size":152,"sizes":[]},"width_tablet":{"unit":"px","size":"","sizes":[]},"width_mobile":{"unit":"px","size":"","sizes":[]},"_position":"absolute","_offset_orientation_v":"end","_z_index":-1,"_offset_x_end":{"unit":"px","size":115,"sizes":[]},"_offset_x":{"unit":"px","size":230,"sizes":[]}},"elements":[],"isInner":false,"widgetType":"image","elType":"widget"},{"id":"17c0717a","settings":{"content_width":"full","image":{"id":50,"url":"http:\/\/localhost\/wordpress\/wp-content\/uploads\/2025\/01\/Group.png"},"_position":"absolute","_offset_y":{"unit":"px","size":15,"sizes":[]},"_z_index":-1,"_offset_x":{"unit":"px","size":35,"sizes":[]}},"elements":[],"isInner":false,"widgetType":"image","elType":"widget"}],"isInner":true,"elType":"container"},{"id":"15e72ec3","settings":{"flex_direction":"column","content_width":"full","width":{"unit":"%","size":46},"width_tablet":{"unit":"%","size":100,"sizes":[]},"width_mobile":{"unit":"%","size":"","sizes":[]},"margin_tablet":{"unit":"px","top":"30","right":"0","bottom":"0","left":"0","isLinked":false}},"elements":[{"id":"5df7feb4","settings":{"content_width":"full","title":"About Me","typography_typography":"custom","typography_font_family":"Anek Bangla","typography_font_size":{"unit":"px","size":56,"sizes":[]},"typography_font_weight":"700","typography_line_height":{"unit":"em","size":1.5,"sizes":[]},"_margin":{"unit":"px","top":"0","right":"0","bottom":"12","left":"0","isLinked":false},"_css_classes":"text-bg font-shadow","typography_font_size_tablet":{"unit":"px","size":46,"sizes":[]},"typography_font_size_mobile":{"unit":"px","size":36,"sizes":[]}},"elements":[],"isInner":false,"widgetType":"heading","elType":"widget"},{"id":"6a77ba89","settings":{"content_width":"full","editor":"<p>Hi, I\u2019m <strong>Aruveer Kaur Brar<\/strong>, a passionate and dedicated software developer currently studying <strong>Computer Software Technician \u2013 Software Support<\/strong> at Mohawk College. My journey in technology is driven by curiosity and a love for solving problems through code.<\/p><p>I have proficiency in a wide range of programming languages and technologies, including <strong>HTML, CSS, JavaScript, React, Node.js, PHP, SQL, and Java<\/strong>. My technical foundation allows me to develop full-stack web applications, create responsive and dynamic user interfaces, and build efficient back-end systems.<\/p><p>In addition to my academic pursuits, I actively challenge myself by solving <strong>LeetCode problems<\/strong>, which sharpens my problem-solving skills and keeps me prepared for real-world scenarios. This practice has honed my logical thinking and ability to develop optimized solutions.<\/p>","typography_typography":"custom","typography_font_family":"Manrope","typography_font_size":{"unit":"px","size":17,"sizes":[]},"typography_font_size_tablet":{"unit":"px","size":16,"sizes":[]},"typography_font_size_mobile":{"unit":"px","size":14,"sizes":[]},"typography_font_weight":"400","typography_line_height":{"unit":"em","size":1.6,"sizes":[]},"__globals__":{"text_color":"globals\/colors?id=text"}},"elements":[],"isInner":false,"widgetType":"text-editor","elType":"widget"},{"id":"feb6933","settings":{"content_width":"full","flex_direction":"row","flex_gap":{"column":"32","row":"32","isLinked":true,"unit":"px","size":32},"padding":{"unit":"px","top":"28","right":"0","bottom":"0","left":"0","isLinked":false},"flex_gap_mobile":{"column":"20","row":"20","isLinked":true,"unit":"px","size":20}},"elements":[{"id":"12f38972","settings":{"content_width":"full","width":{"unit":"custom","size":"max-width","sizes":[]},"width_tablet":{"unit":"custom","size":"","sizes":[]},"width_mobile":{"unit":"custom","size":"","sizes":[]}},"elements":[{"id":"582d5008","settings":{"content_width":"full","title":"3","typography_typography":"custom","typography_font_family":"Anek Bangla","typography_font_size":{"unit":"px","size":36,"sizes":[]},"typography_font_weight":"600","typography_line_height":{"unit":"em","size":1.5,"sizes":[]},"_css_classes":"text-bg-2","typography_font_size_mobile":{"unit":"px","size":34,"sizes":[]}},"elements":[],"isInner":false,"widgetType":"heading","elType":"widget"},{"id":"6dc756d1","settings":{"content_width":"full","editor":"<p>months of Experience In Development<\/p>","text_color":"#F5F5F5","typography_typography":"custom","typography_font_family":"Manrope","typography_font_size":{"unit":"px","size":16,"sizes":[]},"typography_font_weight":"400","typography_line_height":{"unit":"em","size":1.7,"sizes":[]},"typography_font_size_mobile":{"unit":"px","size":14,"sizes":[]}},"elements":[],"isInner":false,"widgetType":"text-editor","elType":"widget"}],"isInner":true,"elType":"container"},{"id":"1c3f3968","settings":{"content_width":"full","width":{"unit":"custom","size":"max-width","sizes":[]},"width_tablet":{"unit":"custom","size":"","sizes":[]},"width_mobile":{"unit":"custom","size":"","sizes":[]},"flex_justify_content":"center","_title":"border"},"elements":[{"id":"262aa11f","settings":{"content_width":"full","space":{"unit":"px","size":32,"sizes":[]},"_element_width":"initial","_element_custom_width":{"unit":"px","size":1,"sizes":[]},"_background_background":"classic","_background_color":"#525252","space_mobile":{"unit":"px","size":1,"sizes":[]},"_element_width_mobile":"inherit"},"elements":[],"isInner":false,"widgetType":"spacer","elType":"widget"}],"isInner":true,"elType":"container"},{"id":"b37c855","settings":{"content_width":"full","width":{"unit":"custom","size":"max-width","sizes":[]},"width_tablet":{"unit":"custom","size":"","sizes":[]},"width_mobile":{"unit":"custom","size":"","sizes":[]}},"elements":[{"id":"167d337d","settings":{"content_width":"full","title":"4+","typography_typography":"custom","typography_font_family":"Anek Bangla","typography_font_size":{"unit":"px","size":36,"sizes":[]},"typography_font_weight":"600","typography_line_height":{"unit":"em","size":1.5,"sizes":[]},"_css_classes":"text-bg-2","typography_font_size_mobile":{"unit":"px","size":34,"sizes":[]}},"elements":[],"isInner":false,"widgetType":"heading","elType":"widget"},{"id":"66b36bc8","settings":{"content_width":"full","editor":"Successfully Projects completed","text_color":"#F5F5F5","typography_typography":"custom","typography_font_family":"Manrope","typography_font_size":{"unit":"px","size":16,"sizes":[]},"typography_font_weight":"400","typography_line_height":{"unit":"em","size":1.7,"sizes":[]},"typography_font_size_mobile":{"unit":"px","size":14,"sizes":[]}},"elements":[],"isInner":false,"widgetType":"text-editor","elType":"widget"}],"isInner":true,"elType":"container"},{"id":"22b7cc59","settings":{"content_width":"full","width":{"unit":"custom","size":"max-width","sizes":[]},"width_tablet":{"unit":"custom","size":"","sizes":[]},"width_mobile":{"unit":"custom","size":"","sizes":[]},"flex_justify_content":"center","_title":"border"},"elements":[{"id":"3d63026e","settings":{"content_width":"full","space":{"unit":"px","size":32,"sizes":[]},"_element_width":"initial","_element_custom_width":{"unit":"px","size":1,"sizes":[]},"_background_background":"classic","_background_color":"#525252","space_mobile":{"unit":"px","size":1,"sizes":[]},"_element_width_mobile":"inherit"},"elements":[],"isInner":false,"widgetType":"spacer","elType":"widget"}],"isInner":true,"elType":"container"},{"id":"5fab7254","settings":{"content_width":"full","width":{"unit":"custom","size":"max-width","sizes":[]},"width_tablet":{"unit":"custom","size":"","sizes":[]},"width_mobile":{"unit":"custom","size":"","sizes":[]}},"elements":[{"id":"27917b54","settings":{"content_width":"full","title":"0","typography_typography":"custom","typography_font_family":"Anek Bangla","typography_font_size":{"unit":"px","size":36,"sizes":[]},"typography_font_weight":"600","typography_line_height":{"unit":"em","size":1.5,"sizes":[]},"_css_classes":"text-bg-2","typography_font_size_mobile":{"unit":"px","size":34,"sizes":[]}},"elements":[],"isInner":false,"widgetType":"heading","elType":"widget"},{"id":"2cb95698","settings":{"content_width":"full","editor":"Global Customers","text_color":"#F5F5F5","typography_typography":"custom","typography_font_family":"Manrope","typography_font_size":{"unit":"px","size":16,"sizes":[]},"typography_font_weight":"400","typography_line_height":{"unit":"em","size":1.7,"sizes":[]},"typography_font_size_mobile":{"unit":"px","size":14,"sizes":[]}},"elements":[],"isInner":false,"widgetType":"text-editor","elType":"widget"}],"isInner":true,"elType":"container"}],"isInner":true,"elType":"container"},{"id":"4b5f82e2","settings":{"content_width":"full","social_icon_list":[{"social_icon":{"value":"fab fa-twitter","library":"fa-brands"},"_id":"4cdc1e4"},{"social_icon":{"value":"fab fa-facebook-square","library":"fa-brands"},"_id":"05a404d"},{"_id":"5d96fae"}],"shape":"circle","icon_color":"custom","icon_primary_color":"#000000","icon_size":{"unit":"px","size":18,"sizes":[]},"icon_padding":{"unit":"px","size":15,"sizes":[]},"icon_padding_tablet":{"unit":"px","size":"","sizes":[]},"icon_padding_mobile":{"unit":"px","size":10,"sizes":[]},"icon_spacing":{"unit":"px","size":24,"sizes":[]},"_css_classes":"social","icon_size_mobile":{"unit":"px","size":16,"sizes":[]}},"elements":[],"isInner":false,"widgetType":"social-icons","elType":"widget"},{"id":"4bf07c1","settings":{"content_width":"full","text":"Download CV","selected_icon":{"value":{"id":57,"url":"http:\/\/localhost\/wordpress\/wp-content\/uploads\/2025\/01\/arrow-down-2.svg"},"library":"svg"},"icon_align":"row-reverse","icon_indent":{"unit":"px","size":10,"sizes":[]},"typography_typography":"custom","typography_font_family":"Anek Bangla","typography_font_size":{"unit":"px","size":22,"sizes":[]},"typography_font_weight":"500","typography_line_height":{"unit":"px","size":22,"sizes":[]},"border_radius":{"unit":"px","top":"100","right":"100","bottom":"100","left":"100","isLinked":true},"text_padding":{"unit":"px","top":"19","right":"25","bottom":"19","left":"30","isLinked":false},"_css_classes":"btn-Gbg","button_box_shadow_box_shadow_type":"yes","button_box_shadow_box_shadow":{"horizontal":-4,"vertical":7,"blur":16,"spread":0,"color":"rgba(207, 106, 206.00000000000009, 0.35)"},"link":{"url":"http:\/\/localhost\/wordpress\/wp-content\/uploads\/2025\/01\/AruveerResume.pdf","is_external":"","nofollow":"","custom_attributes":"download pdf"}},"elements":[],"isInner":false,"widgetType":"button","elType":"widget"}],"isInner":true,"elType":"container"},{"id":"125cce1f","settings":{"content_width":"full","selected_icon":{"value":{"id":29,"url":"http:\/\/localhost\/wordpress\/wp-content\/uploads\/2025\/01\/Global.svg"},"library":"svg"},"primary_color":"#333333","size":{"unit":"px","size":304,"sizes":[]},"_position":"absolute","_offset_orientation_h":"end","_offset_x_end":{"unit":"px","size":-60,"sizes":[]},"_offset_y":{"unit":"px","size":-70,"sizes":[]},"_z_index":-1,"size_tablet":{"unit":"px","size":200,"sizes":[]},"size_mobile":{"unit":"px","size":150,"sizes":[]},"_offset_y_mobile":{"unit":"px","size":-10,"sizes":[]}},"elements":[],"isInner":false,"widgetType":"icon","elType":"widget"},{"id":"1602ea4e","settings":{"content_width":"full","selected_icon":{"value":{"id":29,"url":"http:\/\/localhost\/wordpress\/wp-content\/uploads\/2025\/01\/Global.svg"},"library":"svg"},"primary_color":"#333333","size":{"unit":"px","size":304,"sizes":[]},"_position":"absolute","_offset_x":{"unit":"px","size":-170,"sizes":[]},"_offset_x_end":{"unit":"px","size":-60,"sizes":[]},"_offset_orientation_v":"end","_offset_y":{"unit":"px","size":-70,"sizes":[]},"_offset_y_end":{"unit":"px","size":-245,"sizes":[]},"_z_index":-1,"size_tablet":{"unit":"px","size":200,"sizes":[]},"size_mobile":{"unit":"px","size":150,"sizes":[]},"_offset_x_tablet":{"unit":"px","size":-100,"sizes":[]},"_offset_y_end_tablet":{"unit":"px","size":-40,"sizes":[]},"_offset_y_end_mobile":{"unit":"px","size":-25,"sizes":[]}},"elements":[],"isInner":false,"widgetType":"icon","elType":"widget"}],"isInner":false,"elType":"container"},{"id":"72eaf65c","settings":{"flex_direction":"row","padding":{"unit":"px","top":"105","right":"30","bottom":"107","left":"30","isLinked":false},"flex_wrap":"wrap","background_background":"classic","background_color":"#1E1E1E","_element_id":"Portfolio","padding_mobile":{"unit":"px","top":"75","right":"20","bottom":"75","left":"20","isLinked":false},"z_index":1},"elements":[{"id":"178ff6a4","settings":{"content_width":"full","flex_direction":"row","padding":{"unit":"px","top":"0","right":"0","bottom":"0","left":"0","isLinked":false}},"elements":[{"id":"378f8968","settings":{"content_width":"full","width":{"unit":"%","size":75,"sizes":[]}},"elements":[{"id":"41f1c2d4","settings":{"content_width":"full","title":"Explore My Works","typography_typography":"custom","typography_font_family":"Anek Bangla","typography_font_size":{"unit":"px","size":56,"sizes":[]},"typography_font_weight":"700","typography_line_height":{"unit":"em","size":1.5,"sizes":[]},"_margin":{"unit":"px","top":"0","right":"0","bottom":"12","left":"0","isLinked":false},"_css_classes":"text-bg font-shadow","typography_font_size_tablet":{"unit":"px","size":46,"sizes":[]},"typography_font_size_mobile":{"unit":"px","size":36,"sizes":[]}},"elements":[],"isInner":false,"widgetType":"heading","elType":"widget"},{"id":"7c73415e","settings":{"content_width":"full","editor":"Each project highlights my approach to problem-solving, creativity, and technical expertise. Explore to surprise.  \ud83d\ude2e","_element_width":"initial","_element_custom_width":{"unit":"px","size":503,"sizes":[]},"typography_typography":"custom","typography_font_family":"Manrope","typography_font_size":{"unit":"px","size":17,"sizes":[]},"typography_font_size_tablet":{"unit":"px","size":16,"sizes":[]},"typography_font_weight":"400","typography_line_height":{"unit":"em","size":1.6,"sizes":[]},"__globals__":{"text_color":"globals\/colors?id=text"}},"elements":[],"isInner":false,"widgetType":"text-editor","elType":"widget"}],"isInner":true,"elType":"container"},{"id":"25857e36","settings":{"content_width":"full","width":{"unit":"%","size":25,"sizes":[]},"margin_mobile":{"unit":"px","top":"20","right":"0","bottom":"0","left":"0","isLinked":false}},"elements":[{"id":"6b02844c","settings":{"content_width":"full","text":"View ALL","selected_icon":{"value":{"id":58,"url":"http:\/\/localhost\/wordpress\/wp-content\/uploads\/2025\/01\/icon-arrow-gd.svg"},"library":"svg"},"icon_align":"row-reverse","typography_typography":"custom","typography_font_family":"Anek Bangla","typography_font_size":{"unit":"px","size":22,"sizes":[]},"typography_font_weight":"500","typography_line_height":{"unit":"px","size":22,"sizes":[]},"border_radius":{"unit":"px","top":"100","right":"100","bottom":"100","left":"100","isLinked":true},"_flex_align_self":"flex-end","_css_classes":"btn-black btn-h","_border_radius":{"unit":"%","top":"100","right":"100","bottom":"100","left":"100","isLinked":true},"_border_radius_tablet":{"unit":"%","top":"","right":"","bottom":"","left":"","isLinked":true},"_border_radius_mobile":{"unit":"%","top":"","right":"","bottom":"","left":"","isLinked":true},"typography_font_size_tablet":{"unit":"px","size":18,"sizes":[]},"__globals__":{"button_background_hover_color":"globals\/colors?id=a95d202"},"link":{"url":"https:\/\/github.com\/000936959aru","is_external":"","nofollow":"","custom_attributes":""}},"elements":[],"isInner":false,"widgetType":"button","elType":"widget"}],"isInner":true,"elType":"container"}],"isInner":true,"elType":"container"},{"id":"3f7a883e","settings":{"content_width":"full","image":{"id":63,"url":"http:\/\/localhost\/wordpress\/wp-content\/uploads\/2025\/01\/arrow-multi.svg"},"_position":"absolute","_offset_orientation_h":"end","_offset_x_end":{"unit":"px","size":50,"sizes":[]},"_offset_y":{"unit":"px","size":96,"sizes":[]},"width_tablet":{"unit":"px","size":50,"sizes":[]},"width_mobile":{"unit":"px","size":"","sizes":[]},"_offset_x_end_tablet":{"unit":"px","size":24,"sizes":[]},"_offset_y_tablet":{"unit":"px","size":30,"sizes":[]},"_z_index":-1},"elements":[],"isInner":false,"widgetType":"image","elType":"widget"},{"id":"6e816689","settings":{"content_width":"full","image":{"id":64,"url":"http:\/\/localhost\/wordpress\/wp-content\/uploads\/2025\/01\/2-2.png"},"width":{"unit":"px","size":126,"sizes":[]},"width_tablet":{"unit":"px","size":100,"sizes":[]},"width_mobile":{"unit":"px","size":"","sizes":[]},"_position":"absolute","_offset_x":{"unit":"px","size":350,"sizes":[]},"_offset_orientation_v":"end","_offset_x_tablet":{"unit":"px","size":265,"sizes":[]}},"elements":[],"isInner":false,"widgetType":"image","elType":"widget"}],"isInner":false,"elType":"container"},{"id":"7780f5f8","settings":{"flex_direction":"column","content_width":"full","min_height":{"unit":"px","size":400,"sizes":[]},"flex_justify_content":"center","shape_divider_top":"triangle","shape_divider_top_color":"#1E1E1E","shape_divider_top_width":{"unit":"%","size":135,"sizes":[]},"shape_divider_top_height":{"unit":"px","size":222,"sizes":[]},"padding":{"unit":"px","top":"75","right":"0","bottom":"115","left":"0","isLinked":false},"min_height_tablet":{"unit":"px","size":350,"sizes":[]}},"elements":[{"id":"457b1c7c","settings":{"flex_direction":"column","content_width":"full","width":{"unit":"px","size":"","sizes":[]},"min_height":{"unit":"px","size":104,"sizes":[]},"flex_justify_content":"center","_transform_rotate_popover":"transform","_transform_rotateZ_effect":{"unit":"px","size":8,"sizes":[]},"__globals__":{"background_color":"globals\/colors?id=primary"}},"elements":[{"id":"6f0b69ae","settings":{"view":"inline","icon_list":[{"text":"Web Design","selected_icon":{"value":{"id":55,"url":"http:\/\/localhost\/wordpress\/wp-content\/uploads\/2025\/01\/Star-10.svg"},"library":"svg"},"_id":"598bceb"},{"text":"Development","selected_icon":{"value":{"id":55,"url":"http:\/\/localhost\/wordpress\/wp-content\/uploads\/2025\/01\/Star-10.svg"},"library":"svg"},"_id":"a8a622c"},{"text":"Discover","selected_icon":{"value":{"id":55,"url":"http:\/\/localhost\/wordpress\/wp-content\/uploads\/2025\/01\/Star-10.svg"},"library":"svg"},"_id":"f5b538a"},{"text":"Web Design","selected_icon":{"value":{"id":55,"url":"http:\/\/localhost\/wordpress\/wp-content\/uploads\/2025\/01\/Star-10.svg"},"library":"svg"},"_id":"2b99cba"},{"text":"Development","selected_icon":{"value":{"id":55,"url":"http:\/\/localhost\/wordpress\/wp-content\/uploads\/2025\/01\/Star-10.svg"},"library":"svg"},"_id":"9a55e48"},{"text":"Discover","selected_icon":{"value":{"id":55,"url":"http:\/\/localhost\/wordpress\/wp-content\/uploads\/2025\/01\/Star-10.svg"},"library":"svg"},"_id":"9142524"},{"text":"Web Design","selected_icon":{"value":{"id":55,"url":"http:\/\/localhost\/wordpress\/wp-content\/uploads\/2025\/01\/Star-10.svg"},"library":"svg"},"_id":"cc8e7d8"},{"text":"Development","selected_icon":{"value":{"id":55,"url":"http:\/\/localhost\/wordpress\/wp-content\/uploads\/2025\/01\/Star-10.svg"},"library":"svg"},"_id":"c818632"},{"text":"Discover","selected_icon":{"value":{"id":55,"url":"http:\/\/localhost\/wordpress\/wp-content\/uploads\/2025\/01\/Star-10.svg"},"library":"svg"},"_id":"8678cb0"},{"text":"Web Design","selected_icon":{"value":{"id":55,"url":"http:\/\/localhost\/wordpress\/wp-content\/uploads\/2025\/01\/Star-10.svg"},"library":"svg"},"_id":"84172d7"},{"text":"Development","selected_icon":{"value":{"id":55,"url":"http:\/\/localhost\/wordpress\/wp-content\/uploads\/2025\/01\/Star-10.svg"},"library":"svg"},"_id":"ba1d339"},{"text":"Discover","selected_icon":{"value":{"id":55,"url":"http:\/\/localhost\/wordpress\/wp-content\/uploads\/2025\/01\/Star-10.svg"},"library":"svg"},"_id":"239c183"}],"link_click":"inline","space_between":{"unit":"px","size":50,"sizes":[]},"icon_size":{"unit":"px","size":48,"sizes":[]},"text_indent":{"unit":"px","size":35,"sizes":[]},"icon_typography_typography":"custom","icon_typography_font_family":"Anek Bangla","icon_typography_font_size":{"unit":"px","size":36,"sizes":[]},"icon_typography_font_weight":"600","icon_typography_line_height":{"unit":"em","size":1.5,"sizes":[]},"text_color":"#181715","_padding":{"unit":"px","top":"23","right":"0","bottom":"23","left":"0","isLinked":false},"_css_classes":"marquee-content","_background_background":"classic","__globals__":{"icon_typography_typography":"","text_color":"","_background_color":"globals\/colors?id=primary"},"icon_size_tablet":{"unit":"px","size":38,"sizes":[]},"icon_size_mobile":{"unit":"px","size":34,"sizes":[]},"icon_typography_font_size_tablet":{"unit":"px","size":28,"sizes":[]},"icon_typography_font_size_mobile":{"unit":"px","size":26,"sizes":[]}},"elements":[],"isInner":false,"widgetType":"icon-list","elType":"widget"}],"isInner":true,"elType":"container"},{"id":"ada230f","settings":{"flex_direction":"column","content_width":"full","min_height":{"unit":"px","size":104,"sizes":[]},"flex_justify_content":"center","margin":{"unit":"px","top":"-104","right":"0","bottom":"0","left":"0","isLinked":false},"_transform_rotate_popover":"transform","_transform_rotateZ_effect":{"unit":"px","size":-8,"sizes":[]},"__globals__":{"background_color":"globals\/colors?id=primary"}},"elements":[{"id":"6b329655","settings":{"view":"inline","icon_list":[{"text":"Web Design","selected_icon":{"value":{"id":55,"url":"http:\/\/localhost\/wordpress\/wp-content\/uploads\/2025\/01\/Star-10.svg"},"library":"svg"},"_id":"598bceb"},{"text":"Development","selected_icon":{"value":{"id":55,"url":"http:\/\/localhost\/wordpress\/wp-content\/uploads\/2025\/01\/Star-10.svg"},"library":"svg"},"_id":"a8a622c"},{"text":"Discover","selected_icon":{"value":{"id":55,"url":"http:\/\/localhost\/wordpress\/wp-content\/uploads\/2025\/01\/Star-10.svg"},"library":"svg"},"_id":"f5b538a"},{"text":"Web Design","selected_icon":{"value":{"id":55,"url":"http:\/\/localhost\/wordpress\/wp-content\/uploads\/2025\/01\/Star-10.svg"},"library":"svg"},"_id":"2b99cba"},{"text":"Development","selected_icon":{"value":{"id":55,"url":"http:\/\/localhost\/wordpress\/wp-content\/uploads\/2025\/01\/Star-10.svg"},"library":"svg"},"_id":"9a55e48"},{"text":"Discover","selected_icon":{"value":{"id":55,"url":"http:\/\/localhost\/wordpress\/wp-content\/uploads\/2025\/01\/Star-10.svg"},"library":"svg"},"_id":"9142524"},{"text":"Web Design","selected_icon":{"value":{"id":55,"url":"http:\/\/localhost\/wordpress\/wp-content\/uploads\/2025\/01\/Star-10.svg"},"library":"svg"},"_id":"cc8e7d8"},{"text":"Development","selected_icon":{"value":{"id":55,"url":"http:\/\/localhost\/wordpress\/wp-content\/uploads\/2025\/01\/Star-10.svg"},"library":"svg"},"_id":"c818632"},{"text":"Discover","selected_icon":{"value":{"id":55,"url":"http:\/\/localhost\/wordpress\/wp-content\/uploads\/2025\/01\/Star-10.svg"},"library":"svg"},"_id":"8678cb0"},{"text":"Web Design","selected_icon":{"value":{"id":55,"url":"http:\/\/localhost\/wordpress\/wp-content\/uploads\/2025\/01\/Star-10.svg"},"library":"svg"},"_id":"84172d7"},{"text":"Development","selected_icon":{"value":{"id":55,"url":"http:\/\/localhost\/wordpress\/wp-content\/uploads\/2025\/01\/Star-10.svg"},"library":"svg"},"_id":"ba1d339"},{"text":"Discover","selected_icon":{"value":{"id":55,"url":"http:\/\/localhost\/wordpress\/wp-content\/uploads\/2025\/01\/Star-10.svg"},"library":"svg"},"_id":"239c183"},{"text":"Web Design","selected_icon":{"value":{"id":55,"url":"http:\/\/localhost\/wordpress\/wp-content\/uploads\/2025\/01\/Star-10.svg"},"library":"svg"},"_id":"5d0f28a"},{"text":"Development","selected_icon":{"value":{"id":55,"url":"http:\/\/localhost\/wordpress\/wp-content\/uploads\/2025\/01\/Star-10.svg"},"library":"svg"},"_id":"8764207"},{"text":"Discover","selected_icon":{"value":{"id":55,"url":"http:\/\/localhost\/wordpress\/wp-content\/uploads\/2025\/01\/Star-10.svg"},"library":"svg"},"_id":"90b4a69"}],"link_click":"inline","space_between":{"unit":"px","size":50,"sizes":[]},"icon_size":{"unit":"px","size":48,"sizes":[]},"text_indent":{"unit":"px","size":35,"sizes":[]},"icon_typography_typography":"custom","icon_typography_font_family":"Anek Bangla","icon_typography_font_size":{"unit":"px","size":36,"sizes":[]},"icon_typography_font_weight":"600","icon_typography_line_height":{"unit":"em","size":1.5,"sizes":[]},"text_color":"#181715","_margin":{"unit":"px","top":"0","right":"0","bottom":"0","left":"-3000","isLinked":false},"_padding":{"unit":"px","top":"23","right":"0","bottom":"23","left":"0","isLinked":false},"_css_classes":"marquee-content marquee-right","__globals__":{"icon_typography_typography":"","text_color":"","_background_color":"globals\/colors?id=primary"},"_background_background":"classic","icon_size_tablet":{"unit":"px","size":38,"sizes":[]},"icon_size_mobile":{"unit":"px","size":34,"sizes":[]},"icon_typography_font_size_tablet":{"unit":"px","size":28,"sizes":[]},"icon_typography_font_size_mobile":{"unit":"px","size":26,"sizes":[]}},"elements":[],"isInner":false,"widgetType":"icon-list","elType":"widget"}],"isInner":true,"elType":"container"}],"isInner":false,"elType":"container"},{"id":"53effb49","settings":{"flex_direction":"column","_title":"shape"},"elements":[{"id":"1e38eb05","settings":{"content_width":"full","space":{"unit":"px","size":545,"sizes":[]},"_element_width":"initial","_element_custom_width":{"unit":"px","size":545,"sizes":[]},"_position":"absolute","_offset_orientation_h":"end","_offset_x_end":{"unit":"px","size":-40,"sizes":[]},"_offset_y":{"unit":"px","size":-260,"sizes":[]},"_css_classes":"shape-bg","_background_background":"gradient","_background_color":"#AF6DE626","_background_color_b":"#FFFFFF00","_background_color_b_stop":{"unit":"%","size":70,"sizes":[]},"_background_gradient_type":"radial","_border_radius":{"unit":"%","top":"100","right":"100","bottom":"100","left":"100","isLinked":true},"_border_radius_tablet":{"unit":"%","top":"","right":"","bottom":"","left":"","isLinked":true},"_border_radius_mobile":{"unit":"%","top":"","right":"","bottom":"","left":"","isLinked":true},"_z_index":-1},"elements":[],"isInner":false,"widgetType":"spacer","elType":"widget"},{"id":"79bc8aff","settings":{"content_width":"full","space":{"unit":"px","size":545,"sizes":[]},"_element_width":"initial","_element_custom_width":{"unit":"px","size":545,"sizes":[]},"_position":"absolute","_offset_x":{"unit":"px","size":-180,"sizes":[]},"_offset_x_end":{"unit":"px","size":-40,"sizes":[]},"_css_classes":"shape-bg","_background_background":"gradient","_background_color":"#AF6DE626","_background_color_b":"#FFFFFF00","_background_color_b_stop":{"unit":"%","size":70,"sizes":[]},"_background_gradient_type":"radial","_border_radius":{"unit":"%","top":"100","right":"100","bottom":"100","left":"100","isLinked":true},"_border_radius_tablet":{"unit":"%","top":"","right":"","bottom":"","left":"","isLinked":true},"_border_radius_mobile":{"unit":"%","top":"","right":"","bottom":"","left":"","isLinked":true},"_offset_y_end":{"unit":"px","size":-947,"sizes":[]},"_z_index":-1,"_offset_y":{"unit":"px","size":45,"sizes":[]}},"elements":[],"isInner":false,"widgetType":"spacer","elType":"widget"}],"isInner":false,"elType":"container"},{"id":"268f805e","settings":{"flex_direction":"column","padding":{"unit":"px","top":"72","right":"30","bottom":"160","left":"30","isLinked":false},"padding_tablet":{"unit":"px","top":"0","right":"30","bottom":"120","left":"30","isLinked":false},"padding_mobile":{"unit":"px","top":"0","right":"20","bottom":"75","left":"20","isLinked":false}},"elements":[{"id":"2a7b664b","settings":{"content_width":"full","width":{"unit":"px","size":340,"sizes":[]},"width_tablet":{"unit":"px","size":300,"sizes":[]}},"elements":[{"id":"61dd46e0","settings":{"content_width":"full","title":"Services That I Provide ","align":"right","typography_typography":"custom","typography_font_family":"Anek Bangla","typography_font_size":{"unit":"px","size":56,"sizes":[]},"typography_font_weight":"700","typography_line_height":{"unit":"em","size":1.3,"sizes":[]},"_margin":{"unit":"px","top":"0","right":"0","bottom":"12","left":"0","isLinked":false},"_css_classes":"text-bg font-shadow","align_mobile":"left","typography_font_size_tablet":{"unit":"px","size":46,"sizes":[]},"typography_font_size_mobile":{"unit":"px","size":36,"sizes":[]}},"elements":[],"isInner":false,"widgetType":"heading","elType":"widget"},{"id":"6a23753f","settings":{"content_width":"full","image":{"id":65,"url":"http:\/\/localhost\/wordpress\/wp-content\/uploads\/2025\/01\/Vector.png"},"width":{"unit":"px","size":"","sizes":[]},"width_tablet":{"unit":"px","size":"","sizes":[]},"width_mobile":{"unit":"px","size":"","sizes":[]},"_position":"absolute","_offset_orientation_v":"end","_offset_y_end":{"unit":"px","size":35,"sizes":[]},"hide_mobile":"hidden-mobile"},"elements":[],"isInner":false,"widgetType":"image","elType":"widget"},{"id":"429238cb","settings":{"content_width":"full","image":{"id":66,"url":"http:\/\/localhost\/wordpress\/wp-content\/uploads\/2025\/01\/Line-2.png"},"_position":"absolute","_offset_x":{"unit":"px","size":15,"sizes":[]},"_offset_orientation_v":"end","_offset_y_end":{"unit":"px","size":35,"sizes":[]},"_z_index":-1,"hide_mobile":"hidden-mobile"},"elements":[],"isInner":false,"widgetType":"image","elType":"widget"}],"isInner":true,"elType":"container"},{"id":"4be3c9f4","settings":{"boxed_width":{"unit":"px","size":1000,"sizes":[]},"margin":{"unit":"px","top":"35","right":"0","bottom":"0","left":"0","isLinked":false}},"elements":[{"id":"37c684f3","settings":{"content_width":"full","tabs":[{"tab_title":"Brand Identity Design","_id":"d744c35","tab_icon":{"value":{"id":58,"url":"http:\/\/localhost\/wordpress\/wp-content\/uploads\/2025\/01\/icon-arrow-gd.svg"},"library":"svg"},"tab_icon_active":{"value":{"id":69,"url":"http:\/\/localhost\/wordpress\/wp-content\/uploads\/2025\/01\/Aroow-GD.svg"},"library":"svg"}},{"tab_title":"UIUX Design","tab_icon":{"value":{"id":58,"url":"http:\/\/localhost\/wordpress\/wp-content\/uploads\/2025\/01\/icon-arrow-gd.svg"},"library":"svg"},"tab_icon_active":{"value":{"id":69,"url":"http:\/\/localhost\/wordpress\/wp-content\/uploads\/2025\/01\/Aroow-GD.svg"},"library":"svg"},"_id":"f9bab4d"},{"tab_title":"Web Development","tab_icon":{"value":{"id":58,"url":"http:\/\/localhost\/wordpress\/wp-content\/uploads\/2025\/01\/icon-arrow-gd.svg"},"library":"svg"},"tab_icon_active":{"value":{"id":69,"url":"http:\/\/localhost\/wordpress\/wp-content\/uploads\/2025\/01\/Aroow-GD.svg"},"library":"svg"},"_id":"bc0870e"}],"tabs_direction":"inline-end","tabs_justify_vertical":"center","tabs_width":{"unit":"%","size":60,"sizes":[]},"title_alignment":"start","tabs_title_space_between":{"unit":"px","size":42,"sizes":[]},"tabs_title_background_color_background":"classic","tabs_title_background_color_color":"#00000000","tabs_title_border_border":"solid","tabs_title_border_width":{"unit":"px","top":"0","right":"0","bottom":"1","left":"0","isLinked":false},"tabs_title_border_color":"#FFFFFF","tabs_title_background_color_hover_color":"#00000000","tabs_title_border_hover_border":"solid","tabs_title_border_hover_width":{"unit":"px","top":"0","right":"0","bottom":"1","left":"0","isLinked":false},"tabs_title_border_hover_color":"#FFFFFF","tabs_title_background_color_active_color":"#00000000","tabs_title_border_active_border":"solid","tabs_title_border_active_width":{"unit":"px","top":"0","right":"0","bottom":"1","left":"0","isLinked":false},"tabs_title_border_active_color":"#FFB054","padding":{"unit":"px","top":"0","right":"0","bottom":"28","left":"0","isLinked":false},"title_typography_typography":"custom","title_typography_font_family":"Manrope","title_typography_font_size":{"unit":"px","size":32,"sizes":[]},"title_typography_font_weight":"700","title_typography_line_height":{"unit":"em","size":1.4,"sizes":[]},"icon_position":"inline-end","icon_spacing":{"unit":"px","size":100,"sizes":[]},"icon_spacing_tablet":{"unit":"em","size":"","sizes":[]},"icon_spacing_mobile":{"unit":"em","size":"","sizes":[]},"_element_custom_width":{"unit":"px","size":"","sizes":[]},"_css_classes":"tabs","__globals__":{"title_typography_typography":"","tabs_title_background_color_color":"globals\/colors?id=a95d202","tabs_title_background_color_hover_color":"globals\/colors?id=a95d202","tabs_title_background_color_active_color":"globals\/colors?id=a95d202","tabs_title_border_hover_color":"globals\/colors?id=primary","tabs_title_border_active_color":"globals\/colors?id=secondary","icon_color":"globals\/colors?id=a95d202","icon_color_hover":"globals\/colors?id=a95d202","title_text_color":"globals\/colors?id=primary"},"_animation":"fadeIn","tabs_direction_mobile":"inline-start","tabs_width_tablet":{"unit":"%","size":50,"sizes":[]},"tabs_width_mobile":{"unit":"%","size":"","sizes":[]},"tabs_title_space_between_mobile":{"unit":"px","size":35,"sizes":[]},"padding_tablet":{"unit":"px","top":"0","right":"0","bottom":"22","left":"0","isLinked":false},"title_typography_font_size_tablet":{"unit":"px","size":20,"sizes":[]},"title_typography_font_size_mobile":{"unit":"px","size":18,"sizes":[]}},"elements":[{"id":"2f9c1da3","settings":{"_title":"Tab #1","content_width":"full","padding_mobile":{"unit":"px","top":"30","right":"0","bottom":"30","left":"0","isLinked":false}},"elements":[{"id":"e89810e","settings":{"image":{"id":67,"url":"http:\/\/localhost\/wordpress\/wp-content\/uploads\/2025\/01\/codeing.jpg"},"width":{"unit":"px","size":256,"sizes":[]},"width_tablet":{"unit":"px","size":200,"sizes":[]},"width_mobile":{"unit":"px","size":"","sizes":[]},"height":{"unit":"px","size":324,"sizes":[]},"object-fit":"cover","_animation":"fadeIn","_transform_rotate_popover":"transform","_transform_rotateZ_effect":{"unit":"px","size":17,"sizes":[]},"height_tablet":{"unit":"px","size":300,"sizes":[]}},"elements":[],"isInner":false,"widgetType":"image","elType":"widget"}],"isInner":true,"elType":"container","isLocked":true},{"id":"39f629e5","settings":{"_title":"Tab #1","content_width":"full","padding_mobile":{"unit":"px","top":"30","right":"0","bottom":"30","left":"0","isLinked":false}},"elements":[{"id":"57be09b7","settings":{"image":{"id":68,"url":"http:\/\/localhost\/wordpress\/wp-content\/uploads\/2025\/01\/app-1.jpg"},"width":{"unit":"px","size":256,"sizes":[]},"width_tablet":{"unit":"px","size":200,"sizes":[]},"width_mobile":{"unit":"px","size":"","sizes":[]},"height":{"unit":"px","size":324,"sizes":[]},"object-fit":"cover","_animation":"fadeIn","_transform_rotate_popover":"transform","_transform_rotateZ_effect":{"unit":"px","size":17,"sizes":[]},"height_tablet":{"unit":"px","size":300,"sizes":[]}},"elements":[],"isInner":false,"widgetType":"image","elType":"widget"}],"isInner":true,"elType":"container","isLocked":true},{"id":"23b65653","settings":{"_title":"Tab #1","content_width":"full","padding_mobile":{"unit":"px","top":"30","right":"0","bottom":"30","left":"0","isLinked":false}},"elements":[{"id":"1ad3ee37","settings":{"image":{"id":68,"url":"http:\/\/localhost\/wordpress\/wp-content\/uploads\/2025\/01\/app-1.jpg"},"width":{"unit":"px","size":256,"sizes":[]},"width_tablet":{"unit":"px","size":200,"sizes":[]},"width_mobile":{"unit":"px","size":"","sizes":[]},"height":{"unit":"px","size":324,"sizes":[]},"object-fit":"cover","_animation":"fadeIn","_transform_rotate_popover":"transform","_transform_rotateZ_effect":{"unit":"px","size":17,"sizes":[]},"height_tablet":{"unit":"px","size":300,"sizes":[]}},"elements":[],"isInner":false,"widgetType":"image","elType":"widget"}],"isInner":true,"elType":"container","isLocked":true}],"isInner":false,"widgetType":"nested-tabs","elType":"widget"}],"isInner":true,"elType":"container"},{"id":"300d6d6d","settings":{"content_width":"full","image":{"id":70,"url":"http:\/\/localhost\/wordpress\/wp-content\/uploads\/2025\/01\/Vector-118.svg"},"width":{"unit":"px","size":"","sizes":[]},"width_tablet":{"unit":"px","size":150,"sizes":[]},"width_mobile":{"unit":"px","size":"","sizes":[]},"_position":"absolute","_offset_orientation_h":"end","_offset_x_end":{"unit":"px","size":85,"sizes":[]},"_offset_y":{"unit":"px","size":-100,"sizes":[]},"_z_index":-1,"_offset_x_end_tablet":{"unit":"px","size":17,"sizes":[]},"_offset_y_tablet":{"unit":"px","size":-143,"sizes":[]}},"elements":[],"isInner":false,"widgetType":"image","elType":"widget"},{"id":"5caaf079","settings":{"content_width":"full","image":{"id":70,"url":"http:\/\/localhost\/wordpress\/wp-content\/uploads\/2025\/01\/Vector-118.svg"},"width":{"unit":"px","size":"","sizes":[]},"width_tablet":{"unit":"px","size":150,"sizes":[]},"width_mobile":{"unit":"px","size":"","sizes":[]},"_position":"absolute","_offset_x":{"unit":"px","size":-70,"sizes":[]},"_offset_x_end":{"unit":"px","size":85,"sizes":[]},"_offset_orientation_v":"end","_offset_y":{"unit":"px","size":-100,"sizes":[]},"_offset_y_end":{"unit":"px","size":220,"sizes":[]},"_z_index":-1,"_transform_rotate_popover":"transform","_transform_rotateZ_effect":{"unit":"px","size":45,"sizes":[]},"_offset_x_tablet":{"unit":"px","size":-25,"sizes":[]}},"elements":[],"isInner":false,"widgetType":"image","elType":"widget"}],"isInner":false,"elType":"container"},{"id":"7d93e835","settings":{"flex_direction":"column","_title":"shape"},"elements":[{"id":"2779b959","settings":{"content_width":"full","space":{"unit":"px","size":545,"sizes":[]},"_element_width":"initial","_element_custom_width":{"unit":"px","size":545,"sizes":[]},"_position":"absolute","_offset_orientation_h":"end","_offset_x_end":{"unit":"px","size":-40,"sizes":[]},"_css_classes":"shape-bg","_background_background":"gradient","_background_color":"#AF6DE626","_background_color_b":"#FFFFFF00","_background_color_b_stop":{"unit":"%","size":70,"sizes":[]},"_background_gradient_type":"radial","_border_radius":{"unit":"%","top":"100","right":"100","bottom":"100","left":"100","isLinked":true},"_border_radius_tablet":{"unit":"%","top":"","right":"","bottom":"","left":"","isLinked":true},"_border_radius_mobile":{"unit":"%","top":"","right":"","bottom":"","left":"","isLinked":true},"_z_index":-1},"elements":[],"isInner":false,"widgetType":"spacer","elType":"widget"},{"id":"72118302","settings":{"content_width":"full","space":{"unit":"px","size":545,"sizes":[]},"_element_width":"initial","_element_custom_width":{"unit":"px","size":545,"sizes":[]},"_position":"absolute","_offset_x":{"unit":"px","size":-180,"sizes":[]},"_offset_x_end":{"unit":"px","size":-40,"sizes":[]},"_css_classes":"shape-bg","_background_background":"gradient","_background_color":"#AF6DE626","_background_color_b":"#FFFFFF00","_background_color_b_stop":{"unit":"%","size":70,"sizes":[]},"_background_gradient_type":"radial","_border_radius":{"unit":"%","top":"100","right":"100","bottom":"100","left":"100","isLinked":true},"_border_radius_tablet":{"unit":"%","top":"","right":"","bottom":"","left":"","isLinked":true},"_border_radius_mobile":{"unit":"%","top":"","right":"","bottom":"","left":"","isLinked":true},"_offset_y_end":{"unit":"px","size":-947,"sizes":[]},"_z_index":-1},"elements":[],"isInner":false,"widgetType":"spacer","elType":"widget"}],"isInner":false,"elType":"container"},{"id":"7faca20e","settings":{"flex_direction":"row","flex_gap":{"column":"18","row":"30","isLinked":false,"unit":"px","size":18},"flex_wrap":"wrap","padding":{"unit":"px","top":"164","right":"30","bottom":"164","left":"30","isLinked":false},"_element_id":"About","padding_tablet":{"unit":"px","top":"120","right":"30","bottom":"120","left":"30","isLinked":false},"padding_mobile":{"unit":"px","top":"75","right":"20","bottom":"75","left":"20","isLinked":false}},"elements":[{"id":"7f46a2fc","settings":{"content_width":"full","flex_direction":"row","margin":{"unit":"px","top":"0","right":"0","bottom":"34","left":"0","isLinked":false}},"elements":[{"id":"603f85af","settings":{"content_width":"full","width":{"unit":"%","size":70,"sizes":[]}},"elements":[{"id":"7354201c","settings":{"content_width":"full","title":"Certifications","typography_typography":"custom","typography_font_family":"Anek Bangla","typography_font_size":{"unit":"px","size":56,"sizes":[]},"typography_font_weight":"700","typography_line_height":{"unit":"em","size":1.5,"sizes":[]},"_margin":{"unit":"px","top":"0","right":"0","bottom":"12","left":"0","isLinked":false},"_css_classes":"text-bg font-shadow","typography_font_size_tablet":{"unit":"px","size":46,"sizes":[]},"typography_font_size_mobile":{"unit":"px","size":36,"sizes":[]}},"elements":[],"isInner":false,"widgetType":"heading","elType":"widget"},{"id":"21894b7c","settings":{"content_width":"full","editor":"<p><strong>React Development Certification<\/strong><br \/><em>Awarded By<\/em>:\u00a0 Linkedln<br \/><em>Description<\/em>: This certification validates my expertise in building dynamic and scalable web applications using React, including proficiency in JSX, state management, hooks, and advanced component architecture.<\/p><p><strong>WordPress with E-Commerce Certification<\/strong><br \/><em>Awarded By<\/em>: LinkedIn Learning<br \/><em>Description<\/em>: Certified in creating and managing WordPress websites, specializing in e-commerce functionality with plugins like WooCommerce. Skills include custom theme development, plugin integration, and optimizing online stores for performance and user experience.<\/p>","_element_custom_width":{"unit":"px","size":580,"sizes":[]},"typography_typography":"custom","typography_font_family":"Manrope","typography_font_size":{"unit":"px","size":17,"sizes":[]},"typography_font_size_tablet":{"unit":"px","size":16,"sizes":[]},"typography_font_size_mobile":{"unit":"px","size":14,"sizes":[]},"typography_font_weight":"400","typography_line_height":{"unit":"em","size":1.6,"sizes":[]},"_element_width":"initial","__globals__":{"text_color":"globals\/colors?id=text"}},"elements":[],"isInner":false,"widgetType":"text-editor","elType":"widget"}],"isInner":true,"elType":"container"},{"id":"3ec4d313","settings":{"content_width":"full","width":{"unit":"%","size":30,"sizes":[]},"background_background":"slideshow","background_slideshow_gallery":[{"id":113,"url":"http:\/\/localhost\/wordpress\/wp-content\/uploads\/2025\/01\/react.jpg"},{"id":114,"url":"http:\/\/localhost\/wordpress\/wp-content\/uploads\/2025\/01\/wordpress.jpg"}]},"elements":[],"isInner":true,"elType":"container"}],"isInner":true,"elType":"container"},{"id":"58de25d4","settings":{"content_width":"full","selected_icon":{"value":{"id":29,"url":"http:\/\/localhost\/wordpress\/wp-content\/uploads\/2025\/01\/Global.svg"},"library":"svg"},"primary_color":"#333333","size":{"unit":"px","size":304,"sizes":[]},"_position":"absolute","_offset_orientation_h":"end","_offset_x_end":{"unit":"px","size":-30,"sizes":[]},"_offset_y":{"unit":"px","size":35,"sizes":[]},"_z_index":-1,"size_tablet":{"unit":"px","size":200,"sizes":[]}},"elements":[],"isInner":false,"widgetType":"icon","elType":"widget"},{"id":"7595d02c","settings":{"content_width":"full","selected_icon":{"value":{"id":29,"url":"http:\/\/localhost\/wordpress\/wp-content\/uploads\/2025\/01\/Global.svg"},"library":"svg"},"primary_color":"#333333","size":{"unit":"px","size":304,"sizes":[]},"_position":"absolute","_offset_x":{"unit":"px","size":-100,"sizes":[]},"_offset_x_end":{"unit":"px","size":-60,"sizes":[]},"_offset_orientation_v":"end","_offset_y":{"unit":"px","size":-70,"sizes":[]},"_offset_y_end":{"unit":"px","size":174,"sizes":[]},"_z_index":-1,"size_tablet":{"unit":"px","size":200,"sizes":[]}},"elements":[],"isInner":false,"widgetType":"icon","elType":"widget"}],"isInner":false,"elType":"container"},{"id":"51578f83","settings":{"flex_direction":"column","content_width":"full","background_background":"classic","_transform_rotate_popover":"transform","_transform_rotateZ_effect":{"unit":"px","size":1.67,"sizes":[]},"__globals__":{"background_color":"globals\/colors?id=primary"}},"elements":[{"id":"5a5571d6","settings":{"view":"inline","icon_list":[{"text":"","selected_icon":{"value":{"id":74,"url":"http:\/\/localhost\/wordpress\/wp-content\/uploads\/2025\/01\/Group-46930.svg"},"library":"svg"},"_id":"2926936"},{"text":"","selected_icon":{"value":{"id":75,"url":"http:\/\/localhost\/wordpress\/wp-content\/uploads\/2025\/01\/Star-14.svg"},"library":"svg"},"_id":"ab02ab1"},{"text":"","selected_icon":{"value":{"id":74,"url":"http:\/\/localhost\/wordpress\/wp-content\/uploads\/2025\/01\/Group-46930.svg"},"library":"svg"},"_id":"d7f87c6"},{"text":"","selected_icon":{"value":{"id":75,"url":"http:\/\/localhost\/wordpress\/wp-content\/uploads\/2025\/01\/Star-14.svg"},"library":"svg"},"_id":"cc08430"},{"text":"","selected_icon":{"value":{"id":74,"url":"http:\/\/localhost\/wordpress\/wp-content\/uploads\/2025\/01\/Group-46930.svg"},"library":"svg"},"_id":"34e3b2c"},{"text":"","selected_icon":{"value":{"id":75,"url":"http:\/\/localhost\/wordpress\/wp-content\/uploads\/2025\/01\/Star-14.svg"},"library":"svg"},"_id":"d6e7843"},{"text":"","selected_icon":{"value":{"id":74,"url":"http:\/\/localhost\/wordpress\/wp-content\/uploads\/2025\/01\/Group-46930.svg"},"library":"svg"},"_id":"9fe0b73"},{"text":"","selected_icon":{"value":{"id":75,"url":"http:\/\/localhost\/wordpress\/wp-content\/uploads\/2025\/01\/Star-14.svg"},"library":"svg"},"_id":"bba3623"},{"text":"","selected_icon":{"value":{"id":74,"url":"http:\/\/localhost\/wordpress\/wp-content\/uploads\/2025\/01\/Group-46930.svg"},"library":"svg"},"_id":"fe668d2"},{"text":"","selected_icon":{"value":{"id":75,"url":"http:\/\/localhost\/wordpress\/wp-content\/uploads\/2025\/01\/Star-14.svg"},"library":"svg"},"_id":"5ae66f4"},{"text":"","selected_icon":{"value":{"id":74,"url":"http:\/\/localhost\/wordpress\/wp-content\/uploads\/2025\/01\/Group-46930.svg"},"library":"svg"},"_id":"136360a"},{"text":"","selected_icon":{"value":{"id":75,"url":"http:\/\/localhost\/wordpress\/wp-content\/uploads\/2025\/01\/Star-14.svg"},"library":"svg"},"_id":"8b8f384"},{"text":"","selected_icon":{"value":{"id":74,"url":"http:\/\/localhost\/wordpress\/wp-content\/uploads\/2025\/01\/Group-46930.svg"},"library":"svg"},"_id":"748ed57"},{"text":"","selected_icon":{"value":{"id":75,"url":"http:\/\/localhost\/wordpress\/wp-content\/uploads\/2025\/01\/Star-14.svg"},"library":"svg"},"_id":"530ad4e"},{"text":"","selected_icon":{"value":{"id":74,"url":"http:\/\/localhost\/wordpress\/wp-content\/uploads\/2025\/01\/Group-46930.svg"},"library":"svg"},"_id":"07f3bb1"},{"text":"","selected_icon":{"value":{"id":75,"url":"http:\/\/localhost\/wordpress\/wp-content\/uploads\/2025\/01\/Star-14.svg"},"library":"svg"},"_id":"4191644"},{"text":"","selected_icon":{"value":{"id":74,"url":"http:\/\/localhost\/wordpress\/wp-content\/uploads\/2025\/01\/Group-46930.svg"},"library":"svg"},"_id":"b76329f"},{"text":"","selected_icon":{"value":{"id":75,"url":"http:\/\/localhost\/wordpress\/wp-content\/uploads\/2025\/01\/Star-14.svg"},"library":"svg"},"_id":"63f059a"},{"text":"","selected_icon":{"value":{"id":74,"url":"http:\/\/localhost\/wordpress\/wp-content\/uploads\/2025\/01\/Group-46930.svg"},"library":"svg"},"_id":"3fa5121"},{"text":"","selected_icon":{"value":{"id":75,"url":"http:\/\/localhost\/wordpress\/wp-content\/uploads\/2025\/01\/Star-14.svg"},"library":"svg"},"_id":"4308dfb"},{"text":"","selected_icon":{"value":{"id":74,"url":"http:\/\/localhost\/wordpress\/wp-content\/uploads\/2025\/01\/Group-46930.svg"},"library":"svg"},"_id":"78852d2"},{"text":"","selected_icon":{"value":{"id":75,"url":"http:\/\/localhost\/wordpress\/wp-content\/uploads\/2025\/01\/Star-14.svg"},"library":"svg"},"_id":"615482e"},{"text":"","selected_icon":{"value":{"id":74,"url":"http:\/\/localhost\/wordpress\/wp-content\/uploads\/2025\/01\/Group-46930.svg"},"library":"svg"},"_id":"e8ec865"},{"text":"","selected_icon":{"value":{"id":75,"url":"http:\/\/localhost\/wordpress\/wp-content\/uploads\/2025\/01\/Star-14.svg"},"library":"svg"},"_id":"70f2d55"},{"text":"","selected_icon":{"value":{"id":74,"url":"http:\/\/localhost\/wordpress\/wp-content\/uploads\/2025\/01\/Group-46930.svg"},"library":"svg"},"_id":"046c410"},{"text":"","selected_icon":{"value":{"id":75,"url":"http:\/\/localhost\/wordpress\/wp-content\/uploads\/2025\/01\/Star-14.svg"},"library":"svg"},"_id":"6345674"},{"text":"","selected_icon":{"value":{"id":74,"url":"http:\/\/localhost\/wordpress\/wp-content\/uploads\/2025\/01\/Group-46930.svg"},"library":"svg"},"_id":"c0eca8a"},{"text":"","selected_icon":{"value":{"id":75,"url":"http:\/\/localhost\/wordpress\/wp-content\/uploads\/2025\/01\/Star-14.svg"},"library":"svg"},"_id":"bed4af4"},{"text":"","selected_icon":{"value":{"id":74,"url":"http:\/\/localhost\/wordpress\/wp-content\/uploads\/2025\/01\/Group-46930.svg"},"library":"svg"},"_id":"45b7e27"},{"text":"","selected_icon":{"value":{"id":75,"url":"http:\/\/localhost\/wordpress\/wp-content\/uploads\/2025\/01\/Star-14.svg"},"library":"svg"},"_id":"7f670ed"},{"text":"","selected_icon":{"value":{"id":74,"url":"http:\/\/localhost\/wordpress\/wp-content\/uploads\/2025\/01\/Group-46930.svg"},"library":"svg"},"_id":"d758f6a"},{"text":"","selected_icon":{"value":{"id":75,"url":"http:\/\/localhost\/wordpress\/wp-content\/uploads\/2025\/01\/Star-14.svg"},"library":"svg"},"_id":"675322d"},{"text":"","selected_icon":{"value":{"id":74,"url":"http:\/\/localhost\/wordpress\/wp-content\/uploads\/2025\/01\/Group-46930.svg"},"library":"svg"},"_id":"5574d88"},{"text":"","selected_icon":{"value":{"id":75,"url":"http:\/\/localhost\/wordpress\/wp-content\/uploads\/2025\/01\/Star-14.svg"},"library":"svg"},"_id":"7408c1c"}],"icon_size":{"unit":"px","size":48,"sizes":[]},"text_indent":{"unit":"px","size":50,"sizes":[]},"_padding":{"unit":"px","top":"25","right":"0","bottom":"25","left":"0","isLinked":false},"_css_classes":"marquee-content","_background_background":"classic","__globals__":{"_background_color":"globals\/colors?id=primary"},"icon_size_tablet":{"unit":"px","size":38,"sizes":[]},"icon_size_mobile":{"unit":"px","size":30,"sizes":[]}},"elements":[],"isInner":false,"widgetType":"icon-list","elType":"widget"}],"isInner":false,"elType":"container"},{"id":"5af6d408","settings":{"flex_direction":"column","_title":"shape"},"elements":[{"id":"6d4fe1ec","settings":{"content_width":"full","space":{"unit":"px","size":545,"sizes":[]},"_element_width":"initial","_element_custom_width":{"unit":"px","size":545,"sizes":[]},"_position":"absolute","_offset_orientation_h":"end","_offset_x_end":{"unit":"px","size":-40,"sizes":[]},"_css_classes":"shape-bg","_background_background":"gradient","_background_color":"#AF6DE626","_background_color_b":"#FFFFFF00","_background_color_b_stop":{"unit":"%","size":70,"sizes":[]},"_background_gradient_type":"radial","_border_radius":{"unit":"%","top":"100","right":"100","bottom":"100","left":"100","isLinked":true},"_border_radius_tablet":{"unit":"%","top":"","right":"","bottom":"","left":"","isLinked":true},"_border_radius_mobile":{"unit":"%","top":"","right":"","bottom":"","left":"","isLinked":true},"_z_index":-1},"elements":[],"isInner":false,"widgetType":"spacer","elType":"widget"},{"id":"1101be10","settings":{"content_width":"full","space":{"unit":"px","size":545,"sizes":[]},"_element_width":"initial","_element_custom_width":{"unit":"px","size":545,"sizes":[]},"_position":"absolute","_offset_x":{"unit":"px","size":-180,"sizes":[]},"_offset_x_end":{"unit":"px","size":-40,"sizes":[]},"_css_classes":"shape-bg","_background_background":"gradient","_background_color":"#AF6DE626","_background_color_b":"#FFFFFF00","_background_color_b_stop":{"unit":"%","size":70,"sizes":[]},"_background_gradient_type":"radial","_border_radius":{"unit":"%","top":"100","right":"100","bottom":"100","left":"100","isLinked":true},"_border_radius_tablet":{"unit":"%","top":"","right":"","bottom":"","left":"","isLinked":true},"_border_radius_mobile":{"unit":"%","top":"","right":"","bottom":"","left":"","isLinked":true},"_offset_y_end":{"unit":"px","size":-947,"sizes":[]},"_z_index":-1},"elements":[],"isInner":false,"widgetType":"spacer","elType":"widget"}],"isInner":false,"elType":"container"},{"id":"cdee16c","settings":{"flex_direction":"column","content_width":"full","background_background":"classic","_transform_rotate_popover":"transform","_transform_rotateZ_effect":{"unit":"px","size":1.67,"sizes":[]},"__globals__":{"background_color":"globals\/colors?id=primary"},"z_index":1},"elements":[{"id":"3b5c1fb2","settings":{"view":"inline","icon_list":[{"text":"","selected_icon":{"value":{"id":74,"url":"http:\/\/localhost\/wordpress\/wp-content\/uploads\/2025\/01\/Group-46930.svg"},"library":"svg"},"_id":"2926936"},{"text":"","selected_icon":{"value":{"id":75,"url":"http:\/\/localhost\/wordpress\/wp-content\/uploads\/2025\/01\/Star-14.svg"},"library":"svg"},"_id":"ab02ab1"},{"text":"","selected_icon":{"value":{"id":74,"url":"http:\/\/localhost\/wordpress\/wp-content\/uploads\/2025\/01\/Group-46930.svg"},"library":"svg"},"_id":"d7f87c6"},{"text":"","selected_icon":{"value":{"id":75,"url":"http:\/\/localhost\/wordpress\/wp-content\/uploads\/2025\/01\/Star-14.svg"},"library":"svg"},"_id":"cc08430"},{"text":"","selected_icon":{"value":{"id":74,"url":"http:\/\/localhost\/wordpress\/wp-content\/uploads\/2025\/01\/Group-46930.svg"},"library":"svg"},"_id":"34e3b2c"},{"text":"","selected_icon":{"value":{"id":75,"url":"http:\/\/localhost\/wordpress\/wp-content\/uploads\/2025\/01\/Star-14.svg"},"library":"svg"},"_id":"d6e7843"},{"text":"","selected_icon":{"value":{"id":74,"url":"http:\/\/localhost\/wordpress\/wp-content\/uploads\/2025\/01\/Group-46930.svg"},"library":"svg"},"_id":"9fe0b73"},{"text":"","selected_icon":{"value":{"id":75,"url":"http:\/\/localhost\/wordpress\/wp-content\/uploads\/2025\/01\/Star-14.svg"},"library":"svg"},"_id":"bba3623"},{"text":"","selected_icon":{"value":{"id":74,"url":"http:\/\/localhost\/wordpress\/wp-content\/uploads\/2025\/01\/Group-46930.svg"},"library":"svg"},"_id":"fe668d2"},{"text":"","selected_icon":{"value":{"id":75,"url":"http:\/\/localhost\/wordpress\/wp-content\/uploads\/2025\/01\/Star-14.svg"},"library":"svg"},"_id":"5ae66f4"},{"text":"","selected_icon":{"value":{"id":74,"url":"http:\/\/localhost\/wordpress\/wp-content\/uploads\/2025\/01\/Group-46930.svg"},"library":"svg"},"_id":"136360a"},{"text":"","selected_icon":{"value":{"id":75,"url":"http:\/\/localhost\/wordpress\/wp-content\/uploads\/2025\/01\/Star-14.svg"},"library":"svg"},"_id":"8b8f384"},{"text":"","selected_icon":{"value":{"id":74,"url":"http:\/\/localhost\/wordpress\/wp-content\/uploads\/2025\/01\/Group-46930.svg"},"library":"svg"},"_id":"748ed57"},{"text":"","selected_icon":{"value":{"id":75,"url":"http:\/\/localhost\/wordpress\/wp-content\/uploads\/2025\/01\/Star-14.svg"},"library":"svg"},"_id":"530ad4e"},{"text":"","selected_icon":{"value":{"id":74,"url":"http:\/\/localhost\/wordpress\/wp-content\/uploads\/2025\/01\/Group-46930.svg"},"library":"svg"},"_id":"07f3bb1"},{"text":"","selected_icon":{"value":{"id":75,"url":"http:\/\/localhost\/wordpress\/wp-content\/uploads\/2025\/01\/Star-14.svg"},"library":"svg"},"_id":"4191644"},{"text":"","selected_icon":{"value":{"id":74,"url":"http:\/\/localhost\/wordpress\/wp-content\/uploads\/2025\/01\/Group-46930.svg"},"library":"svg"},"_id":"b76329f"},{"text":"","selected_icon":{"value":{"id":75,"url":"http:\/\/localhost\/wordpress\/wp-content\/uploads\/2025\/01\/Star-14.svg"},"library":"svg"},"_id":"63f059a"},{"text":"","selected_icon":{"value":{"id":74,"url":"http:\/\/localhost\/wordpress\/wp-content\/uploads\/2025\/01\/Group-46930.svg"},"library":"svg"},"_id":"3fa5121"},{"text":"","selected_icon":{"value":{"id":75,"url":"http:\/\/localhost\/wordpress\/wp-content\/uploads\/2025\/01\/Star-14.svg"},"library":"svg"},"_id":"4308dfb"},{"text":"","selected_icon":{"value":{"id":74,"url":"http:\/\/localhost\/wordpress\/wp-content\/uploads\/2025\/01\/Group-46930.svg"},"library":"svg"},"_id":"78852d2"},{"text":"","selected_icon":{"value":{"id":75,"url":"http:\/\/localhost\/wordpress\/wp-content\/uploads\/2025\/01\/Star-14.svg"},"library":"svg"},"_id":"615482e"},{"text":"","selected_icon":{"value":{"id":74,"url":"http:\/\/localhost\/wordpress\/wp-content\/uploads\/2025\/01\/Group-46930.svg"},"library":"svg"},"_id":"e8ec865"},{"text":"","selected_icon":{"value":{"id":75,"url":"http:\/\/localhost\/wordpress\/wp-content\/uploads\/2025\/01\/Star-14.svg"},"library":"svg"},"_id":"70f2d55"},{"text":"","selected_icon":{"value":{"id":74,"url":"http:\/\/localhost\/wordpress\/wp-content\/uploads\/2025\/01\/Group-46930.svg"},"library":"svg"},"_id":"046c410"},{"text":"","selected_icon":{"value":{"id":75,"url":"http:\/\/localhost\/wordpress\/wp-content\/uploads\/2025\/01\/Star-14.svg"},"library":"svg"},"_id":"6345674"},{"text":"","selected_icon":{"value":{"id":74,"url":"http:\/\/localhost\/wordpress\/wp-content\/uploads\/2025\/01\/Group-46930.svg"},"library":"svg"},"_id":"c0eca8a"},{"text":"","selected_icon":{"value":{"id":75,"url":"http:\/\/localhost\/wordpress\/wp-content\/uploads\/2025\/01\/Star-14.svg"},"library":"svg"},"_id":"bed4af4"},{"text":"","selected_icon":{"value":{"id":74,"url":"http:\/\/localhost\/wordpress\/wp-content\/uploads\/2025\/01\/Group-46930.svg"},"library":"svg"},"_id":"45b7e27"},{"text":"","selected_icon":{"value":{"id":75,"url":"http:\/\/localhost\/wordpress\/wp-content\/uploads\/2025\/01\/Star-14.svg"},"library":"svg"},"_id":"7f670ed"},{"text":"","selected_icon":{"value":{"id":74,"url":"http:\/\/localhost\/wordpress\/wp-content\/uploads\/2025\/01\/Group-46930.svg"},"library":"svg"},"_id":"d758f6a"},{"text":"","selected_icon":{"value":{"id":75,"url":"http:\/\/localhost\/wordpress\/wp-content\/uploads\/2025\/01\/Star-14.svg"},"library":"svg"},"_id":"675322d"},{"text":"","selected_icon":{"value":{"id":74,"url":"http:\/\/localhost\/wordpress\/wp-content\/uploads\/2025\/01\/Group-46930.svg"},"library":"svg"},"_id":"5574d88"},{"text":"","selected_icon":{"value":{"id":75,"url":"http:\/\/localhost\/wordpress\/wp-content\/uploads\/2025\/01\/Star-14.svg"},"library":"svg"},"_id":"7408c1c"}],"icon_size":{"unit":"px","size":48,"sizes":[]},"text_indent":{"unit":"px","size":50,"sizes":[]},"_padding":{"unit":"px","top":"25","right":"0","bottom":"25","left":"0","isLinked":false},"_css_classes":"marquee-content","_background_background":"classic","__globals__":{"_background_color":"globals\/colors?id=primary"},"icon_size_tablet":{"unit":"px","size":38,"sizes":[]},"icon_size_mobile":{"unit":"px","size":30,"sizes":[]},"icon_typography_typography":"custom","icon_typography_font_family":"Manrope","icon_typography_font_size":{"unit":"px","size":17,"sizes":[]},"icon_typography_font_weight":"400","icon_typography_line_height":{"unit":"em","size":1.6,"sizes":[]}},"elements":[],"isInner":false,"widgetType":"icon-list","elType":"widget"},{"id":"71de93a3","settings":{"_position":"absolute","_offset_orientation_v":"end","_offset_y_end":{"unit":"px","size":-25,"sizes":[]},"_z_index":-1,"_background_background":"classic","_background_color":"#1E1E1E"},"elements":[],"isInner":false,"widgetType":"spacer","elType":"widget"}],"isInner":false,"elType":"container"}],"settings":{"template":"elementor_header_footer","background_background":"classic","background_color":"#171614"},"metadata":[]}