[{"term_id":3,"name":"Blog","slug":"blog","taxonomy":"category","description":"Your blog category","parent":0},{"term_id":4,"name":"Brand Strategy","slug":"brand-strategy","taxonomy":"category","description":"","parent":0},{"term_id":5,"name":"Imagery and Graphics","slug":"imagery-and-graphics","taxonomy":"category","description":"","parent":0},{"term_id":6,"name":"Logo Design","slug":"logo-design","taxonomy":"category","description":"","parent":0},{"term_id":1,"name":"Uncategorized","slug":"uncategorized","taxonomy":"category","description":"","parent":0}]